region_id,pred_week1,pred_week2,pred_week3,pred_week4,pred_week5
R1,0.2647,0.406,0.3055,0.1695,0.1554
R2,0.9409,0.8364,0.7437,0.6202,0.4992
R3,1.8376,1.638,1.8482,1.5389,1.6221
R4,2.8485,3.0229,3.2612,3.1908,3.1142
R6,1.5174,1.1863,0.9107,0.545,0.597
R7,0.1771,0.1338,0.1442,0.0,0.0052
R8,3.0451,2.5878,2.0177,2.6457,2.4888
R9,2.2322,1.8095,1.2743,1.2637,1.0096
R11,1.1,1.012,1.1036,0.9521,1.1959
R13,0.6094,0.6579,0.4723,0.4308,0.4076
R14,1.7394,1.557,1.5028,1.8266,1.8381
R15,3.2026,3.4817,3.6491,3.7346,3.8169
R16,1.7216,1.4525,1.5313,1.4936,1.4164
R18,1.0271,1.088,0.8515,0.5874,0.6058
R19,2.8324,2.5006,2.2948,2.5242,2.5131
R20,2.2481,1.9261,1.8743,1.5073,1.7834
R21,1.7723,1.7697,1.5943,1.4991,1.3381
R23,1.6785,1.3672,0.7964,0.5257,0.4709
R24,0.721,0.5831,0.3169,0.3679,0.2262
R25,2.7192,3.1838,3.3184,3.3326,3.1917
R26,1.132,1.242,0.918,0.7109,0.5499
R27,0.462,0.5247,0.3992,0.4316,0.5436
R30,0.0025,0.0136,0.0068,0.0113,0.0
R31,1.8424,1.5813,1.1351,0.876,1.05
R33,0.0645,0.0959,0.1036,0.1369,0.2636
R34,2.6628,3.0324,3.3204,3.3781,3.2139
R35,0.7973,0.8797,0.8418,0.5512,0.5075
R36,0.2764,0.3865,0.4246,0.5647,0.7166
R37,2.8855,3.1447,3.3547,3.2869,3.1942
R41,2.0565,1.7301,1.1897,1.0634,0.7716
R42,0.4197,0.2484,0.2694,0.3142,0.4687
R43,0.6899,0.6482,0.2904,0.3207,0.4979
R44,2.9101,3.2413,3.4634,3.6736,3.6479
R45,1.0482,0.9501,0.7031,0.8605,0.5672
R48,2.9163,3.2341,3.0953,2.9885,2.687
R49,0.1115,0.1774,0.0653,0.0207,0.0249
R50,0.2124,0.1503,0.212,0.2873,0.2549
R51,2.423,2.2321,1.8772,2.1853,2.0164
R53,1.9211,1.9384,1.7323,1.6513,1.6991
R55,1.7764,1.4214,1.4426,0.8142,0.8011
R56,3.2255,3.4256,3.6161,3.7105,3.7466
R57,0.4321,0.3841,0.3806,0.4073,0.4355
R59,0.6243,0.8466,0.7743,0.7287,0.7203
R61,2.1941,2.3834,2.4624,2.5147,2.4894
R62,1.9107,1.4331,0.8565,0.6416,0.7901
R63,1.211,1.5533,1.9602,1.7857,2.2154
R64,0.3181,0.509,0.7089,0.9374,1.0321
R65,0.2199,0.1106,0.1239,0.1285,0.0541
R67,0.0027,0.0435,0.0195,0.0068,0.1028
R68,2.971,3.0635,2.9506,2.9321,2.9137
R69,2.3486,2.1056,2.0449,2.0834,2.0112
R70,1.8919,1.8951,2.049,1.6649,1.574
R71,1.7764,1.869,1.953,1.9248,1.7879
R72,2.0731,2.256,2.2406,2.251,2.2374
R73,3.2018,3.199,3.1493,3.4122,3.0448
R74,1.9738,2.0216,2.0177,1.8489,1.8225
R75,2.4029,1.9863,2.2392,1.9551,2.1983
R76,1.6883,1.443,1.3082,1.3846,1.4081
R77,2.0635,2.2565,2.0184,2.0527,2.0738
R78,1.6241,1.4784,1.7249,1.5865,1.5981
R79,2.7961,2.8034,2.5086,2.3864,2.6185
R80,2.431,2.2236,2.2647,2.0984,2.0448
R81,2.3529,2.4823,2.546,2.4557,2.4796
R82,2.4311,2.5768,2.598,2.4542,2.1908
R86,0.056,0.0664,0.0414,0.0647,0.1563
R90,0.5337,0.4217,0.1514,0.1451,0.1514
R92,0.0,0.0716,0.032,0.089,0.052
R96,0.2154,0.1471,0.1702,0.0,0.0746
R111,0.8835,0.7,0.7135,0.7183,0.625
R119,0.7811,0.8579,0.6789,0.41,0.542
R123,0.1362,0.0747,0.1611,0.2948,0.4884
R128,0.874,0.6544,0.5668,0.3436,0.4132
R129,0.0,0.0309,0.0151,0.0,0.0004
R132,0.1877,0.1193,0.0937,0.0,0.0
R149,0.6899,0.4495,0.4577,0.3081,0.2984
R152,2.8212,2.1343,1.7305,1.3018,1.0724
R158,3.3642,3.1583,2.9448,2.9357,3.4921
R159,2.8849,2.9078,2.6663,3.0648,3.1539
R160,2.0419,2.4835,2.4798,2.5653,2.5998
R161,1.461,1.6965,1.6274,1.7564,1.7656
R162,1.8666,2.1393,1.6991,1.727,1.8031
R163,2.6894,3.0429,3.1675,3.3884,3.3539
R164,3.0872,3.2589,3.02,3.1077,3.1011
R165,1.7425,1.5799,1.6528,1.6768,1.8355
R166,2.4065,2.5966,2.4532,2.2914,2.6053
R167,2.6514,2.4816,2.3068,2.4558,2.4587
R168,2.393,2.3659,2.4286,2.604,2.5621
R169,0.8517,0.8372,0.7443,0.8077,0.9107
R170,2.342,2.283,2.4296,2.2086,2.363
R171,2.9885,3.0912,2.9651,3.0335,2.9945
R172,3.5791,3.8002,3.6288,3.3335,3.4433
R173,3.7257,3.6364,3.7012,3.7615,3.7537
R174,2.761,2.872,2.5866,2.9498,2.67
R175,3.0296,2.935,2.8251,2.6664,3.0176
R176,4.1817,4.1553,4.1002,3.9112,4.0693
R177,2.4784,2.5431,2.5652,2.5066,2.8563
R178,2.5753,2.7151,2.8353,2.97,3.0727
R179,1.843,2.2073,2.1874,2.533,2.677
R180,0.9961,1.0792,1.2376,1.2726,1.2645
R181,3.6961,3.7881,3.8456,3.6478,3.7988
R182,1.5462,1.669,2.2399,2.009,1.8517
R183,1.6884,1.7398,1.7815,1.5891,1.9986
R185,3.0105,3.0159,3.5236,3.3316,3.4656
R186,3.0122,3.4778,3.3683,3.2505,3.2805
R187,4.176,4.1012,4.1655,4.0489,4.2206
R188,2.1959,2.0,1.9735,2.1845,2.0472
R189,0.7649,1.3532,0.96,0.7022,0.5723
R190,2.905,2.8821,2.9831,2.9505,2.9669
R191,3.5838,3.5047,3.7972,3.6655,3.5601
R192,3.396,3.3007,3.6079,3.4064,3.2342
R193,2.3846,2.341,2.4627,2.277,2.5028
R194,1.4849,1.5189,1.7349,1.3016,1.2363
R195,2.903,2.9604,3.135,2.7377,3.0642
R196,3.8561,3.8868,3.9028,3.8538,3.8588
R197,2.2628,2.5179,2.3395,2.7969,2.5041
R198,3.0374,2.9773,2.8854,3.0853,2.6023
R199,3.0059,2.973,2.9357,3.2426,3.1351
R200,1.7224,1.7712,1.562,2.005,2.2059
R201,3.3731,3.1223,3.4125,2.9618,2.7157
R202,1.7277,2.1597,2.3772,2.3389,2.4472
R203,2.5377,2.5835,2.6783,2.3809,2.4779
R204,1.8014,1.8997,1.6659,2.1669,2.213
R205,2.9109,3.0995,2.779,3.123,3.0347
R206,2.175,2.8588,2.8818,2.7505,2.8425
R207,3.6979,3.7458,3.5169,3.8716,3.9305
R208,1.8496,1.9264,2.3044,2.5924,2.716
R209,1.9976,2.6004,2.6538,2.8367,2.7695
R210,1.6517,1.9309,1.6571,1.6885,1.5741
R211,2.1566,2.409,2.5164,2.4877,2.8569
R212,2.0824,2.2925,2.249,2.2975,2.4945
R213,3.7348,3.9988,3.7412,3.475,3.0078
R214,3.1564,3.4553,3.7318,3.6668,3.8496
R215,2.7296,3.2064,3.3459,3.0271,3.1298
R216,2.2812,1.9694,1.7764,1.6079,1.7017
R217,2.6861,2.5712,2.5088,2.3771,2.2358
R218,2.1643,2.4694,2.0066,1.9438,1.9669
R219,1.4846,1.5236,1.7132,1.7004,1.7649
R220,4.2862,4.3465,3.9684,3.8563,3.4982
R221,3.526,3.4812,3.1657,3.153,3.0659
R222,2.3854,2.3367,2.5056,2.4855,2.2474
R223,2.6277,2.6836,2.8413,2.9239,2.8655
R224,1.1788,1.2874,1.1736,1.6247,1.3638
R225,2.6645,2.4329,2.7035,2.5161,2.1736
R226,1.305,1.3563,1.4505,1.2453,1.6131
R227,2.0913,2.3079,2.4545,2.1051,2.0744
R228,2.8728,2.7704,2.9944,2.4814,2.7098
R229,2.9186,3.1563,3.17,3.0769,3.3786
R230,1.1554,1.3708,1.4419,1.2424,0.9859
R231,2.5499,2.2507,2.3573,1.9976,2.6979
R232,2.4633,2.0079,1.8772,1.7965,1.8103
R233,3.3297,3.2219,2.9846,3.0492,2.9808
R234,1.8983,2.1747,2.0546,2.1189,1.9219
R235,2.2262,2.3209,2.1043,2.3049,2.1686
R236,2.1077,2.0055,1.7522,1.4455,1.6603
R237,2.4555,2.2097,2.0887,2.6014,2.445
R238,2.6277,2.4302,2.2368,2.3052,2.276
R239,3.1701,3.3239,3.1234,3.2115,3.1299
R240,2.5773,2.1896,2.3666,2.3495,2.7881
R241,2.8202,2.9098,2.588,2.9163,2.6758
R242,2.6056,2.3863,2.1874,2.1933,2.417
R243,2.1727,2.6704,2.417,2.4461,2.4189
R244,2.6468,2.6857,2.5832,2.5252,2.5291
R245,1.1572,0.9842,1.0331,1.3009,1.1065
R246,2.6554,2.647,2.4705,2.6459,2.5825
R247,3.7856,3.6994,3.6744,3.8081,3.8821
R248,2.871,2.7766,2.7888,2.6898,2.4355
R249,2.5711,2.2294,2.0469,2.1558,2.603
R250,2.9751,2.9398,2.8917,2.7454,2.865
R251,2.6033,2.656,2.463,2.5795,2.4128
R252,3.6694,3.7686,3.8104,3.9688,3.9211
R253,1.8184,1.5591,1.6797,1.7555,2.0208
R254,2.2693,2.2453,2.042,1.78,1.622
R255,1.9239,2.1774,2.0441,1.874,1.8801
R256,2.556,2.6511,2.6483,2.7543,2.2356
R257,0.5216,0.8558,0.7726,0.8146,0.6867
R258,2.0527,2.1343,2.0019,2.1963,1.5186
R259,2.6127,2.7643,2.9836,2.3267,2.4208
R260,2.0588,2.3569,1.9526,1.8449,1.9042
R261,2.807,2.8675,2.6627,2.7142,2.5849
R262,1.9986,2.0907,1.9427,2.3446,2.1201
R263,1.5768,1.8323,1.6152,1.4048,1.5578
R264,2.5378,2.5396,2.5858,2.3834,2.3979
R265,2.344,2.3283,2.1111,1.8773,1.9375
R266,2.8075,2.6074,2.6772,2.7875,2.6223
R267,2.5853,2.7997,2.8405,2.6669,2.9905
R268,0.9684,0.7374,0.7468,0.7667,0.7501
R269,2.698,2.8575,2.8417,2.6599,2.6316
R270,3.1587,3.0762,2.6163,2.7959,2.8818
R271,3.2528,3.5866,3.1583,3.192,3.0124
R272,1.2616,0.8232,0.7754,0.7793,0.5521
R273,3.1457,3.3386,3.2703,3.0809,2.7482
R274,2.5369,2.3717,2.0014,1.9106,1.9224
R275,2.589,2.7232,2.4961,2.7029,2.8325
R276,2.7592,2.7057,2.4477,2.4692,2.5667
R277,2.4282,2.5314,2.3946,2.4795,2.2562
R278,2.4623,2.4275,2.0553,1.9905,1.9951
R279,1.4241,1.5148,1.3557,1.7491,1.8769
R281,2.5318,2.6412,2.9909,2.8364,3.0056
R282,1.3443,1.3563,1.2054,1.2276,1.5115
R283,1.7115,1.5019,1.532,1.4983,1.9977
R284,2.0044,2.1293,2.0726,2.0241,1.9376
R285,0.6771,0.2598,0.3478,0.4267,0.392
R286,2.0912,2.2268,2.5522,2.9283,2.6535
R287,2.3675,2.474,2.2546,2.2508,2.2003
R289,1.4773,1.1592,0.9932,0.6864,0.6193
R290,0.104,0.0568,0.0492,0.016,0.0279
R291,2.0924,2.157,1.8043,1.667,1.2182
R292,1.2704,0.7523,0.7139,0.3989,0.858
R293,0.6811,0.2918,0.2034,0.0622,0.137
R294,0.1375,0.1182,0.1695,0.1534,0.3075
R295,1.5916,1.5181,1.853,1.6473,1.6158
R296,1.319,1.2723,0.8531,0.3741,0.4569
R297,0.1306,0.2848,0.4277,0.36,0.3999
R298,1.0576,0.996,0.3342,0.2593,0.1951
R299,0.2548,0.2355,0.3096,0.0889,0.0566
R300,0.5196,0.2993,0.2414,0.083,0.0
R301,0.1834,0.2794,0.1924,0.2975,0.339
R302,1.8425,1.5646,1.201,1.0641,1.2198
R303,0.3058,0.1063,0.0,0.1295,0.1248
R304,0.1307,0.1735,0.1279,0.1064,0.1511
R305,0.6293,0.7561,0.7455,0.6227,0.5594
R306,1.0075,0.6463,0.3655,0.3062,0.305
R307,0.3564,0.4679,0.1825,0.0808,0.2585
R308,1.2732,1.3138,1.0183,0.6207,0.8873
R309,0.0,0.0,0.0,0.0,0.0
R310,1.0923,0.7427,0.4281,0.2125,0.1249
R311,1.0318,0.4615,0.2188,0.0,0.0873
R312,0.6176,0.509,0.3465,0.4458,0.4873
R313,0.2464,0.1517,0.3213,0.2595,0.1565
R314,0.6197,0.6861,0.8097,0.8147,0.8131
R315,1.685,2.0506,2.2393,2.2922,2.3782
R316,2.1357,1.5935,1.3593,1.0247,1.1613
R317,1.2389,1.0576,1.1196,1.03,1.1951
R318,0.517,0.445,0.4327,0.6107,0.4554
R319,0.667,0.7289,0.7824,0.9324,1.0722
R320,0.5418,0.2812,0.2134,0.2571,0.3191
R321,0.8084,1.0071,1.1036,0.7642,0.9517
R322,1.663,1.8696,1.9702,2.3361,2.598
R323,0.1739,0.1582,0.2591,0.2456,0.1985
R324,0.3563,0.4104,0.3773,0.2098,0.2483
R325,2.5342,2.3896,2.2534,1.6934,1.0051
R326,0.3082,0.1569,0.1847,0.2341,0.2944
R327,0.3175,0.3617,0.1569,0.1064,0.0
R328,0.7235,0.3435,0.1963,0.1184,0.0518
R329,0.4583,0.3885,0.4012,0.3588,0.3671
R330,0.5721,0.4968,0.5984,0.4789,0.5448
R331,0.0,0.0,0.0,0.0,0.0
R332,1.7126,1.2853,0.8021,0.2485,0.226
R333,1.2602,1.0473,0.7721,0.481,0.4324
R334,0.1395,0.1396,0.1228,0.0,0.1036
R335,2.4092,1.9807,1.7365,1.4929,1.349
R336,0.5093,0.2476,0.0752,0.1147,0.1847
R337,1.3323,1.2657,1.1469,0.9183,0.7116
R338,2.6358,2.2272,2.0132,0.9563,0.5975
R339,2.7528,2.636,2.3827,1.5994,1.0242
R340,2.708,2.5201,2.2899,1.402,0.7132
R341,1.4872,1.0828,0.8949,0.4887,0.546
R342,2.2687,1.8637,1.4046,0.7511,0.2333
R343,0.8543,0.8181,0.6691,0.2952,0.2582
R344,2.6445,2.5684,2.553,1.9555,2.1048
R345,1.4341,1.3623,1.3264,1.0554,1.2591
R346,0.5192,0.5501,0.413,0.2855,0.4144
R347,1.2966,1.0822,0.7798,0.4571,0.3581
R348,0.3591,0.1576,0.1096,0.0633,0.1161
R349,0.0078,0.0242,0.2007,0.2142,0.3156
R350,2.7415,2.6086,2.3809,1.6041,1.022
R351,1.2242,1.0566,1.1227,1.034,1.2375
R352,0.5744,0.4824,0.4062,0.2902,0.4212
R353,0.7798,0.7598,0.6815,0.7739,0.5347
R354,1.2167,1.2498,1.3003,1.2148,1.2219
R355,1.2904,0.9463,0.4755,0.1909,0.2817
R356,0.0292,0.0799,0.0198,0.0,0.0678
R357,0.2833,0.4462,0.5804,0.5857,0.5733
R358,0.8033,0.5574,0.3297,0.1027,0.1694
R359,1.2899,1.2259,1.1516,1.1675,1.0027
R360,0.9496,0.6766,0.4945,0.6415,0.3122
R361,1.6539,1.5293,1.3028,1.0578,0.7235
R362,1.2877,1.0417,1.189,1.1144,0.6957
R363,2.1067,1.6196,1.3849,1.0438,1.0591
R364,2.2035,2.0064,1.4956,1.6848,1.2261
R365,2.4551,2.0259,1.527,1.777,1.3774
R366,1.5399,1.2941,1.2886,1.3834,1.5064
R367,0.4448,0.3802,0.2678,0.4774,0.3579
R368,0.9697,0.8926,0.8688,0.8789,1.1295
R369,2.8544,2.9448,3.0668,2.8751,2.9594
R370,0.7855,0.8234,0.5582,0.5577,0.6473
R371,2.1225,2.0409,1.8623,1.4729,1.1869
R372,0.3633,0.2391,0.271,0.1038,0.0466
R373,0.0417,0.1628,0.0802,0.1619,0.151
R374,1.065,1.1831,1.1409,0.8945,0.9394
R375,0.9427,1.1559,1.175,0.9594,0.9194
R376,1.8155,1.4552,0.8279,0.562,0.5031
R377,2.3012,2.3891,2.7303,2.7727,2.8003
R378,0.3877,0.3816,0.3086,0.242,0.2063
R379,1.2495,0.9273,1.0004,0.756,0.7322
R380,2.8486,2.491,1.9134,2.5158,2.1928
R381,0.2791,0.3475,0.2494,0.4069,0.1972
R382,0.5543,0.5613,0.2987,0.2703,0.2387
R383,0.3861,0.5377,0.4249,0.3544,0.3155
R384,1.2655,0.9088,0.8641,0.5564,0.6669
R385,3.1361,2.9073,2.6566,2.9215,2.7611
R386,1.4276,1.2999,1.0166,0.4826,0.5371
R387,0.5296,0.5977,0.4718,0.3251,0.2616
R388,0.8951,0.517,0.4151,0.4988,0.5553
R389,1.5997,1.3364,1.0908,0.4976,0.6734
R390,0.9718,0.8965,1.121,1.022,1.3476
R391,2.8631,2.5744,2.4451,2.5984,2.2986
R392,0.6521,0.7745,0.5088,0.354,0.426
R393,0.8594,0.6419,0.545,0.4797,0.5718
R394,0.5755,0.6355,0.6358,0.6924,0.6695
R395,1.1715,1.4622,1.6567,1.4487,1.8113
R396,1.1929,1.2367,0.9051,0.2373,0.3871
R397,2.7634,2.8508,2.9007,2.7408,2.9283
R398,0.6064,0.522,0.4636,0.4763,0.3822
R399,0.2802,0.3204,0.3271,0.364,0.1216
R400,0.9711,0.9525,0.7023,0.3956,0.4621
R401,1.0761,0.9897,0.9286,0.9586,0.7089
R402,3.225,3.5373,3.8603,3.8201,3.5985
R403,1.1038,1.424,1.2748,1.3001,1.1009
R404,1.8898,1.9632,1.893,1.6395,1.9609
R405,0.9653,0.6661,0.4464,0.3073,0.3839
R406,0.9373,0.9294,0.7395,0.358,0.3761
R407,0.7632,0.4447,0.4199,0.4985,0.6816
R408,0.6882,0.652,0.5377,0.4736,0.6501
R409,0.0597,0.126,0.0226,0.0524,0.0
R410,2.0802,1.6954,1.413,1.5657,1.2808
R411,0.1813,0.1663,0.1162,0.1323,0.0104
R412,1.5155,1.1974,1.0669,0.9084,0.907
R413,1.2808,1.1599,0.7714,0.5341,0.4468
R414,3.4092,3.5927,3.8799,3.6929,3.6317
R415,2.0345,1.7799,1.1741,1.0426,1.0305
R416,1.2394,0.8633,0.4939,0.3571,0.4644
R417,1.189,0.9066,0.6934,0.4502,0.5136
R418,3.2596,3.5892,3.9194,3.8433,3.6045
R419,1.2927,1.0323,0.7221,0.5156,0.3932
R420,0.9376,0.8198,0.8932,1.0009,0.9707
R421,1.2763,1.127,0.9995,0.9449,0.9346
R422,2.3428,2.0941,1.6655,1.2757,1.1412
R423,0.6579,0.6576,0.6331,0.6595,0.568
R424,2.9927,2.619,2.5772,2.7845,2.7385
R425,0.9642,0.8932,0.7241,0.5448,0.483
R426,0.9403,0.6536,0.6169,0.5518,0.3823
R427,1.4532,1.3029,0.9679,0.4748,0.5823
R428,3.3739,3.3227,3.5884,3.3514,3.3331
R429,1.4659,1.2204,0.8107,0.5389,0.5286
R430,2.8991,3.2181,3.2287,3.2889,3.0303
R431,1.0501,0.6204,0.4992,0.3936,0.5095
R432,2.0771,1.6627,1.0742,1.0765,1.0987
R433,3.2824,3.5399,3.573,3.6666,3.5018
R434,2.6998,3.0209,3.3832,3.408,3.3795
R435,1.9654,1.8824,1.6573,1.1939,1.2054
R436,1.5253,1.3668,1.2077,0.6699,0.5662
R437,0.7637,0.65,0.6476,0.7947,0.7023
R438,1.0305,0.8547,0.6271,0.6615,0.8299
R439,1.4056,1.2389,0.8291,0.8975,0.7209
R440,0.9289,1.0192,0.9898,0.6868,0.6534
R441,2.5513,2.5729,2.5997,2.4345,2.4165
R442,3.3515,3.5556,3.8547,3.9066,3.8408
R443,0.1306,0.1847,0.3588,0.2391,0.0882
R444,0.5012,0.4717,0.354,0.297,0.2531
R445,2.2348,2.2585,2.0917,2.0173,2.1221
R446,0.4501,0.3594,0.1593,0.3255,0.3732
R447,0.3427,0.3965,0.0777,0.0305,0.0478
R448,0.6372,0.634,0.5089,0.3731,0.5869
R449,0.3264,0.3255,0.1556,0.0612,0.1609
R450,0.0814,0.1381,0.2523,0.3234,0.4777
R451,1.9317,1.599,1.1971,0.9731,0.672
R452,0.8436,0.5568,0.4333,0.1833,0.2546
R453,0.0,0.034,0.0823,0.0392,0.0684
R454,0.3813,0.1155,0.1758,0.0093,0.0845
R455,1.2129,0.8592,0.512,0.3836,0.3961
R456,0.5711,0.3939,0.3698,0.2422,0.243
R457,3.421,3.6798,3.9203,3.8791,3.7282
R458,0.6063,0.4347,0.213,0.3979,0.2767
R459,1.045,0.9475,0.8102,0.73,0.5383
R460,0.5155,0.4012,0.5153,0.1509,0.1899
R461,1.0303,1.1389,0.7382,0.9834,0.8623
R462,1.073,0.8394,0.938,0.5343,0.4934
R463,1.5259,1.155,1.0695,0.4122,0.5537
R464,1.013,1.0273,0.9883,0.8653,0.8447
R465,3.4024,3.7699,4.0412,4.0061,3.8427
R466,2.0219,1.7424,1.3601,1.7723,1.3626
R467,2.1429,1.8459,1.3708,1.8461,1.4586
R468,2.2655,1.8542,1.2855,1.3223,1.1676
R469,0.6008,0.5802,0.4558,0.1773,0.2574
R470,0.3495,0.4607,0.4649,0.5852,0.4826
R471,0.9044,0.7311,0.7005,0.6623,0.502
R472,1.5962,1.2854,0.7783,0.7717,0.7597
R473,1.4281,1.2333,0.8768,0.5534,0.5209
R474,0.9933,0.9836,1.0718,1.1242,1.036
R475,1.3047,0.7875,0.6596,0.3488,0.4777
R476,1.1718,1.0335,0.8766,0.53,0.5882
R477,2.0068,1.6646,1.251,0.9656,0.7505
R478,1.0886,1.0598,1.1522,1.3052,1.534
R479,2.0493,2.0774,1.8981,2.1121,2.0568
R480,2.8827,2.5793,2.4206,2.6564,2.4401
R481,2.1712,2.0665,1.851,2.152,1.9183
R482,0.868,0.9841,0.9382,0.6182,0.6178
R483,1.122,1.0145,0.9508,0.7552,0.5552
R484,3.2618,3.5623,3.7022,3.8116,3.7142
R485,1.1534,1.0248,0.8043,0.4549,0.374
R486,1.2396,1.2499,1.1855,0.8537,1.0758
R487,2.8421,3.1159,3.3532,3.4094,3.3812
R488,2.6306,2.2539,1.9186,2.1992,2.0918
R489,1.0738,0.99,1.3887,1.2011,1.1143
R490,0.3555,0.3813,0.1417,0.0754,0.2223
R491,1.3879,1.22,1.0932,0.7222,0.7488
R492,0.793,0.7433,0.5956,0.5966,0.4928
R493,1.5688,1.2131,0.803,0.8532,0.8102
R494,0.0274,0.0364,0.1007,0.0277,0.0
R495,0.9478,0.6993,0.6481,0.4959,0.3777
R496,0.6766,0.4132,0.3694,0.2711,0.2669
R497,1.1732,1.1004,0.6692,0.4872,0.3405
R498,0.922,0.9356,0.8294,0.5348,0.5183
R499,2.1698,1.712,1.1507,1.1389,1.1862
R500,0.5036,0.4532,0.4023,0.56,0.5632
R501,0.6565,0.5404,0.6766,0.5398,0.4473
R502,1.1336,1.2627,0.8267,0.3787,0.5577
R503,2.5274,2.2292,1.8945,2.2468,2.0784
R505,0.7767,0.8245,0.7623,0.6123,0.6881
R506,0.2908,0.1659,0.119,0.0,0.0
R507,1.1143,0.8905,0.7264,0.4813,0.705
R508,0.498,0.5447,0.3685,0.5723,0.5136
R509,1.7705,1.4422,1.3503,1.319,1.0677
R510,2.7078,3.0749,3.1968,3.3409,3.1966
R511,0.3188,0.2731,0.1302,0.2661,0.1396
R512,1.1842,1.2525,0.8747,0.3874,0.5472
R514,0.9936,1.0222,0.8326,0.8529,0.9998
R515,0.7595,0.6722,0.8831,0.9726,0.7855
R516,3.1311,3.4469,3.4974,3.4576,3.4473
R517,1.1106,1.2664,0.7135,0.6016,0.7381
R518,1.5738,1.9033,1.8128,1.5774,1.7834
R519,0.9945,1.1637,1.0342,1.2748,1.3855
R520,1.5524,1.7699,1.6582,1.6633,1.64
R521,0.6049,0.5255,0.4681,0.5543,0.6029
R522,2.0954,1.9888,2.0287,1.7866,1.7354
R524,1.3208,1.3091,1.251,1.5411,1.4608
R525,0.9702,1.0979,0.8895,1.0253,1.1141
R526,1.1314,1.2075,1.3075,1.2368,1.2826
R528,0.8331,0.7428,0.459,0.7796,1.0715
R529,2.4968,2.7073,2.596,2.5047,2.6769
R530,1.4924,1.4019,1.2539,1.1575,1.6611
R531,1.6153,1.9046,1.6651,1.8366,1.9182
R532,1.2968,1.6896,1.6362,1.2028,1.3995
R533,1.8202,1.9932,2.202,2.1526,1.9957
R534,2.3497,2.2728,2.3553,2.0266,1.9787
R536,2.3368,2.3138,2.0837,2.2548,1.9327
R537,1.2988,1.5109,1.3224,1.3507,1.3443
R538,1.089,1.0651,0.8166,0.8912,1.0007
R540,1.4479,1.5251,1.4401,1.6524,1.3642
R541,2.0462,2.3273,2.4268,2.6653,2.7993
R542,0.1036,0.2829,0.3059,0.3509,0.2406
R544,2.4877,2.6853,2.4694,2.5431,2.2511
R545,3.1116,2.9633,2.8227,2.6433,2.6509
R546,1.3156,1.2172,0.9793,0.7908,0.978
R547,2.2482,1.8673,1.9889,1.7061,2.0455
R548,0.6212,0.8299,0.8197,0.9545,0.8284
R549,2.0567,1.8965,1.9088,2.3165,2.2746
R551,1.0722,1.3386,1.285,1.3086,1.1502
R552,1.739,1.462,1.1533,0.9737,1.0362
R553,1.8406,2.0514,2.0355,2.1513,2.2825
R554,2.1067,2.4782,2.4834,2.3202,2.4849
R555,1.7727,1.8957,1.7332,1.8952,2.0825
R556,1.5337,1.969,2.0204,1.9239,1.9443
R557,2.2881,2.5566,2.4593,2.5699,2.2896
R559,2.2483,2.2206,2.1051,1.988,2.1052
R560,0.2971,0.2028,0.3322,0.1611,0.1118
R561,2.0274,2.1213,2.1029,2.1313,2.0276
R562,1.8856,1.5686,1.6342,1.4527,1.3516
R564,0.6829,0.5788,0.4835,0.2892,0.0865
R566,1.4312,1.3479,1.108,0.963,1.1958
R570,2.3999,1.8858,1.885,1.688,1.7271
R571,1.069,1.1263,0.9192,0.8737,0.8127
R572,0.768,0.9108,1.0324,1.0715,1.047
R573,0.5984,0.3968,0.2292,0.102,0.0512
R576,1.1185,1.0318,1.0582,0.9942,0.7936
R577,0.2675,0.4158,0.4072,0.3097,0.2947
R578,0.7344,0.6015,0.4659,0.2382,0.1586
R579,0.9738,0.9661,1.0287,1.0051,0.8751
R581,1.7288,1.6711,1.5674,1.1686,1.5241
R582,0.1179,0.1006,0.0656,0.1025,0.0106
R583,0.0,0.0545,0.0111,0.0182,0.0
R584,1.1026,1.0653,1.2026,1.1768,1.0756
R586,0.8668,0.8368,0.6909,0.4793,0.3236
R587,0.9476,0.8557,0.8405,0.443,0.3983
R588,0.0679,0.097,0.1125,0.1366,0.0
R590,0.6336,0.6018,0.5129,0.5398,0.4402
R593,0.6998,0.7539,0.7023,0.5557,0.7977
R595,0.3949,0.3599,0.2846,0.2864,0.293
R597,0.448,0.3822,0.211,0.3067,0.2458
R598,0.1194,0.1628,0.2618,0.2564,0.2684
R599,0.7591,0.6241,0.5977,0.7012,0.488
R601,0.6678,0.5631,0.3834,0.3195,0.1558
R606,0.0458,0.0825,0.0435,0.0217,0.0085
R607,0.7958,0.7587,0.6178,0.4882,0.5345
R608,0.3203,0.3845,0.2764,0.2822,0.1725
R609,0.3406,0.4315,0.3911,0.2374,0.2638
R612,0.6352,0.8976,1.2682,1.8008,1.3219
R614,0.0768,0.1027,0.119,0.1314,0.0985
R615,0.7056,0.8361,0.818,0.7046,0.7489
R618,0.1254,0.1306,0.1593,0.2175,0.3781
R619,1.8196,1.5556,1.4053,0.9315,1.0681
R620,0.0116,0.0212,0.1143,0.1362,0.0364
R621,0.6045,0.4918,0.4445,0.2931,0.0968
R623,1.2373,1.4011,1.5156,1.4996,1.3323
R624,1.1489,1.3187,1.1591,0.9521,1.2689
R626,2.2326,1.9898,1.8721,1.5904,1.7717
R627,0.184,0.1404,0.0971,0.0373,0.0062
R629,0.0,0.0,0.0749,0.0679,0.0
R630,1.0843,0.9647,1.1091,1.009,1.2035
R631,0.2829,0.1308,0.1242,0.1337,0.0266
R633,1.6918,1.8822,2.1947,2.0369,1.766
R635,1.6104,1.5843,1.5642,1.5794,1.37
R638,1.0364,1.1301,1.3448,1.0415,1.0174
R642,0.2065,0.1714,0.2462,0.2852,0.3756
R645,0.8603,0.7615,0.6153,0.4442,0.4247
R646,2.1894,1.8096,1.7385,1.3858,1.2039
R647,0.8339,0.6822,0.6665,0.6454,0.6001
R648,0.9725,0.7868,0.8538,0.6864,0.5108
R649,0.1211,0.0899,0.1924,0.2457,0.292
R651,1.6863,2.1662,2.4,2.3321,2.2124
R653,0.3532,0.2479,0.2155,0.1919,0.0907
R655,0.2449,0.2668,0.3455,0.2714,0.3628
R659,0.0357,0.0046,0.0187,0.025,0.0242
R660,0.8715,0.8564,0.908,0.8599,0.6509
R663,1.0633,1.1126,1.2042,1.0597,1.0588
R664,0.7901,0.9477,0.8043,0.9517,0.7465
R665,0.996,1.1864,1.0273,1.05,0.9285
R666,1.7346,1.7827,1.4977,1.2876,1.1009
R667,1.2503,1.3001,1.2285,1.2629,0.9709
R668,0.4126,0.2773,0.3443,0.276,0.1467
R669,0.0143,0.0,0.0,0.004,0.0367
R670,1.5844,1.694,1.5288,1.4266,0.9762
R671,0.6018,0.7107,0.8031,0.7176,0.6384
R672,0.7612,0.5374,0.6372,0.6976,0.5856
R673,2.005,1.6698,1.3382,0.9466,0.5171
R674,0.9766,0.8607,0.4438,0.3761,0.1707
R675,0.7744,0.5808,0.7757,0.6174,0.5642
R676,2.2578,2.1447,1.6976,1.714,1.4401
R677,0.0,0.0,0.0038,0.0061,0.165
R678,1.8426,1.8983,1.7111,1.5236,1.4459
R679,1.5264,1.5601,1.4627,1.2419,1.2403
R680,1.0004,0.7502,0.742,0.8237,0.6195
R681,0.0,0.0,0.0,0.0,0.0
R683,1.2967,1.5762,1.6904,1.4471,1.2708
R684,0.8458,0.5062,0.2507,0.3053,0.1128
R685,1.9684,1.9304,1.9204,1.8783,1.5265
R686,0.7338,0.5645,0.3659,0.303,0.1057
R687,1.4163,1.6285,1.6109,1.3836,1.4708
R688,1.017,1.0952,1.0911,1.2167,0.9613
R690,0.9345,0.9918,0.9768,0.9661,0.8175
R691,0.9969,0.866,0.4438,0.3761,0.1686
R692,1.0358,0.9415,0.9931,1.0665,1.0327
R694,2.2759,2.1959,1.702,1.7295,1.4983
R697,0.0973,0.085,0.0519,0.1128,0.1247
R698,0.734,0.72,0.8473,0.8197,0.6133
R699,1.8942,2.0198,1.8352,1.5181,1.2709
R700,0.9485,1.0245,0.9885,0.8587,1.0387
R701,0.0,0.0,0.0,0.0,0.0
R702,1.7599,2.1497,1.8709,1.6944,1.4149
R703,2.0703,2.1567,2.0681,1.6813,1.445
R704,0.99,0.9639,0.5633,0.4298,0.2045
R705,0.0002,0.0001,0.0,0.0,0.0
R706,0.1268,0.146,0.2001,0.1388,0.1729
R707,1.2584,1.3683,1.1447,1.0421,1.0023
R708,0.7235,0.6412,0.5678,0.4482,0.5206
R709,0.9537,0.9716,0.9871,1.0338,0.9027
R710,1.8841,2.0037,1.7702,1.5181,1.2687
R711,0.0067,0.0,0.0,0.0,0.0
R713,1.1132,1.2883,1.2323,1.4764,1.0586
R714,0.9028,0.6064,0.6989,0.4696,0.3853
R715,0.8507,0.7349,0.8668,0.9403,0.7639
R716,0.998,0.9559,0.6505,0.5487,0.3383
R717,0.8612,0.8247,0.7898,0.9115,0.7024
R718,1.1924,0.9729,0.5324,0.4226,0.2579
R719,0.7302,0.8654,0.9172,0.8887,0.9346
R720,1.1422,1.2739,1.1375,1.1041,0.9138
R721,0.9848,1.1592,1.3655,1.2683,0.9965
R722,1.8677,2.1319,1.8928,1.6972,1.5109
R723,1.1319,1.0948,0.5549,0.4798,0.31
R724,1.2767,1.2943,0.8148,0.767,0.5445
R725,1.7983,1.8589,1.748,1.7016,1.4678
R727,0.5634,0.5796,0.4591,0.3349,0.3423
R729,0.6965,0.5962,0.4727,0.6763,0.523
R730,1.4992,1.3953,0.9117,0.5963,0.4888
R731,0.385,0.4776,0.2614,0.2001,0.0826
R732,1.8329,1.9469,1.7441,1.5936,1.4054
R733,0.9997,0.6596,0.477,0.5093,0.2921
R734,1.1871,1.2037,1.05,1.0303,1.0409
R735,1.9047,1.5336,1.464,1.1685,0.9575
R736,0.9625,0.8207,0.5002,0.4702,0.2394
R738,0.5512,0.5773,0.4991,0.4842,0.5584
R739,0.662,0.8123,0.7645,0.8087,0.6012
R740,0.8743,0.8201,0.4449,0.4098,0.1007
R741,2.2884,2.4021,2.1159,2.0445,1.7406
R742,0.0054,0.0,0.0,0.0075,0.0398
R743,1.0724,1.0605,1.0056,1.1176,0.7106
R744,0.9611,0.6323,0.3756,0.4277,0.2755
R746,1.1685,1.1429,1.2893,1.3053,1.205
R747,0.8689,0.8207,0.4455,0.4098,0.1007
R748,0.7479,0.9201,0.9232,1.0386,0.8019
R749,0.0,0.0,0.0,0.0086,0.1082
R751,1.3877,1.6236,1.4347,1.3801,1.4198
R752,1.0675,0.6594,0.4455,0.504,0.3232
R753,0.8115,1.025,1.0223,0.9843,0.7616
R754,0.7235,0.6613,0.7815,0.8944,0.9091
R755,1.2959,1.2655,1.2086,1.0954,1.0298
R756,1.163,0.9936,0.837,1.2718,1.0825
R757,0.7956,0.7771,0.8628,0.7564,0.7672
R758,0.0474,0.0,0.0,0.0,0.0069
R759,0.8828,0.9128,0.7754,0.6642,0.6178
R760,1.3514,1.2747,1.6009,1.5526,1.5436
R761,0.4949,0.4031,0.372,0.1844,0.1164
R762,0.3479,0.2522,0.1921,0.1038,0.1274
R763,0.0388,0.0327,0.0414,0.014,0.2682
R764,0.2379,0.3583,0.2659,0.1316,0.0722
R766,1.7754,1.7751,1.6569,1.7432,1.5935
R767,0.233,0.3096,0.4832,0.2539,0.1559
R768,2.5013,2.3635,2.4507,2.2344,2.2332
R769,3.0605,2.7196,2.7595,2.1504,2.2991
R770,2.0699,1.8498,1.8297,1.586,1.727
R771,0.0511,0.0284,0.0174,0.0326,0.0072
R772,0.1436,0.216,0.1831,0.0666,0.2326
R773,2.5515,2.3391,2.361,2.0262,2.0843
R774,0.0552,0.0157,0.0081,0.0008,0.0
R775,1.7897,1.5162,1.3824,1.3543,1.3749
R776,1.6382,1.5953,1.5497,1.4045,1.3799
R778,1.5166,1.8206,2.0579,1.9443,2.2287
R779,2.4771,2.0589,2.12,2.0832,2.1906
R780,2.4666,2.6206,2.3905,2.3686,2.1348
R782,0.6523,0.5947,0.5516,0.6443,0.7752
R784,0.3637,0.2757,0.3036,0.4221,0.669
R785,1.9132,1.5741,1.6244,1.7846,2.1461
R787,1.6646,1.6841,1.6015,1.6199,1.6803
R788,0.0888,0.0,0.0,0.007,0.0
R789,0.0,0.0276,0.0114,0.0,0.0396
R790,0.6399,0.8603,0.8307,0.6878,0.7937
R791,2.5491,2.4572,2.2901,2.1972,1.9866
R792,2.2524,1.7161,1.7619,1.8439,1.8868
R793,0.9517,0.8906,0.801,1.0209,0.8589
R794,2.2282,2.0055,1.9345,1.9625,2.0022
R795,1.9728,1.7388,1.8533,1.8695,1.8671
R796,0.0428,0.0595,0.0638,0.1621,0.1072
R797,1.1959,1.069,0.8174,0.8318,0.8747
R798,1.4158,1.4757,1.3131,1.4428,1.2779
R799,0.281,0.2073,0.0756,0.3256,0.4152
R800,0.1364,0.3658,0.3442,0.3254,0.2111
R801,1.4043,1.3341,1.0475,0.6422,0.8943
R802,2.4479,2.4101,2.2975,2.0191,2.0553
R803,1.0471,0.8039,0.7748,0.5796,0.5044
R804,0.0,0.0279,0.0668,0.1638,0.2173
R805,1.4701,1.177,0.8732,0.8488,0.9993
R806,1.0209,0.7529,0.7439,0.571,0.5986
R807,1.0307,1.094,0.9353,0.9803,0.8644
R808,0.0035,0.0028,0.0,0.0,0.0017
R809,0.8966,0.8269,0.9483,0.706,0.8106
R810,0.4774,0.5662,0.4534,0.5331,0.3132
R812,0.023,0.0065,0.0,0.0151,0.0091
R813,0.3252,0.2937,0.2444,0.3968,0.5034
R814,0.9151,0.7673,0.6474,0.8802,0.9225
R815,1.5598,1.5916,1.4786,1.1726,1.0962
R816,1.5982,1.4557,1.3795,1.1403,1.2648
R817,0.8542,0.5466,0.6437,0.6022,0.6832
R818,1.6598,1.5291,1.3992,1.3198,1.6411
R819,1.1737,1.1259,0.826,0.812,0.7879
R820,1.0872,1.0866,0.8775,1.018,0.7721
R821,0.1887,0.0672,0.0382,0.0464,0.0002
R822,2.1962,1.862,1.7667,1.7987,1.8189
R823,1.4145,1.4297,1.2952,1.5758,1.7233
R824,0.7986,0.6423,0.5619,0.5269,0.6011
R825,0.1105,0.1864,0.0593,0.0601,0.0282
R826,2.4938,2.2501,2.1603,1.7621,1.9079
R827,2.4419,2.2111,2.1014,1.7037,1.8803
R828,1.1258,1.1768,1.3444,0.9786,1.0875
R829,1.349,1.2626,1.0147,0.9794,1.1189
R830,2.1843,2.1266,2.0474,1.673,1.9603
R831,1.9694,2.1088,2.0443,1.7924,1.9014
R832,1.7344,1.5218,1.3848,0.9309,1.1208
R833,2.0071,1.8768,1.9424,1.269,0.965
R834,1.2968,1.125,0.9128,0.9203,0.8736
R835,0.621,0.7395,0.7056,0.8662,0.8639
R836,2.0511,2.1139,2.0245,2.1252,2.1172
R837,0.0872,0.0349,0.0193,0.0471,0.0495
R838,1.4128,1.1429,1.1825,1.0739,1.1858
R839,1.9551,2.2072,1.9061,1.7387,1.3442
R840,0.8784,0.7953,0.9183,0.9164,0.856
R841,0.0649,0.0095,0.0002,0.0382,0.0657
R842,2.4484,2.3857,2.38,1.9621,2.0695
R843,1.9696,2.1988,2.0148,2.0994,1.9891
R845,1.1321,0.932,0.835,0.6233,0.7186
R846,1.7732,1.7108,1.6623,1.5814,1.8868
R847,0.9704,0.66,0.6861,0.5757,0.645
R848,0.6094,0.7322,0.8138,0.5872,0.699
R849,2.279,2.3907,2.2766,1.902,2.1499
R850,0.0,0.0187,0.0319,0.1046,0.1441
R851,0.0674,0.1614,0.2176,0.1504,0.0858
R852,2.2613,1.9305,2.0404,1.7052,1.7506
R853,0.5433,0.6694,0.7188,0.6104,0.4527
R854,1.1968,1.3293,1.0794,0.9053,1.2055
R855,1.1537,1.0796,1.0589,1.2507,1.3653
R857,1.27,1.0382,1.2371,1.3364,1.2166
R858,2.1391,1.8787,1.6082,1.0752,1.2147
R859,2.3375,1.9623,1.9905,1.3519,1.4453
R860,0.1578,0.1051,0.1576,0.2647,0.2054
R861,1.7681,1.4616,1.756,1.3712,1.2105
R862,0.1897,0.1507,0.4022,0.497,0.3991
R863,0.5343,0.414,0.9272,0.8724,0.9939
R865,1.8476,2.0591,2.0666,1.832,1.3682
R866,2.1825,2.5065,2.2516,2.5876,2.9005
R867,0.4049,0.4114,0.2003,0.1531,0.295
R868,2.1453,2.1238,2.0647,1.5333,1.6789
R869,1.8806,1.885,1.8055,1.2333,1.4167
R870,0.3119,0.395,0.667,0.7466,0.6988
R871,2.4217,2.5734,2.4331,2.4352,2.4289
R872,0.1658,0.0978,0.0989,0.14,0.0863
R873,1.0662,1.1007,0.9998,1.2104,0.9762
R874,1.4216,1.2465,1.3105,1.1024,0.9089
R876,1.8962,1.7789,1.921,1.9032,1.5731
R878,0.0,0.0076,0.0,0.0,0.0
R879,0.329,0.2621,0.3056,0.2731,0.3712
R880,2.5961,2.4555,2.1632,1.784,1.6997
R881,2.2306,2.0919,2.0137,1.6582,1.7736
R882,1.8481,1.7471,1.9586,2.0033,2.1849
R883,1.0626,1.0721,0.9793,1.4694,1.4685
R884,1.2461,1.0649,1.043,1.0702,1.1174
R886,1.7947,1.8041,1.8658,2.0268,2.1563
R887,3.7675,3.4653,3.2064,3.2331,3.087
R888,2.9053,3.2179,3.2029,3.1428,3.1529
R889,3.4152,3.1527,3.0324,2.8243,2.5709
R890,3.2596,3.4023,3.2718,3.2778,3.2583
R891,2.1289,1.6056,1.745,1.7433,1.6094
R892,3.4252,3.3069,3.1998,3.2309,3.1184
R894,0.4954,0.4361,0.3996,0.5851,0.6499
R895,2.7585,2.874,2.7436,2.8211,2.955
R896,0.1417,0.1114,0.2772,0.3951,0.6748
R899,0.5298,0.7036,0.5415,0.5826,0.6307
R901,1.9268,1.7306,2.2656,2.191,2.0346
R902,0.536,0.7902,1.1344,0.858,1.2318
R903,2.489,2.8214,2.958,2.7666,2.6519
R904,1.516,1.2854,1.1376,0.8515,0.9417
R905,1.284,0.961,0.9139,1.3017,1.5093
R907,2.0095,2.0286,1.7175,1.5442,1.6892
R909,1.5787,1.5229,1.4499,1.7702,1.9878
R910,1.063,1.0216,1.3665,1.276,1.3722
R911,0.6364,0.745,0.8248,0.8254,0.8425
R912,1.0641,0.9539,1.3582,1.2856,1.4639
R913,1.7813,1.6617,1.8684,1.6191,1.3159
R914,1.8521,1.799,1.6758,2.355,2.5022
R916,1.8392,1.886,1.6616,1.4589,1.8946
R917,1.3126,1.1891,1.2689,1.0088,0.9466
R919,4.0912,4.1224,4.0562,3.9713,3.7877
R920,2.0198,2.008,1.9718,1.8593,1.6469
R921,1.3512,1.1929,1.2792,1.2134,1.3631
R922,0.0,0.0,0.0,0.0,0.0
R923,2.463,2.2611,2.1873,1.8323,2.1015
R924,2.7788,2.7615,2.7436,2.4158,2.2196
R925,1.9961,1.8905,1.7689,1.6094,2.2461
R927,0.0,0.0342,0.0,0.0,0.0643
R928,2.3764,2.2326,2.1822,1.9038,1.6693
R930,0.8717,1.0243,1.3011,1.1549,1.4861
R931,2.4087,2.4506,2.6992,2.2224,2.3472
R932,1.8707,1.9961,2.3957,2.4107,2.3046
R933,1.8703,1.8601,1.8344,1.2263,1.3626
R934,0.4255,0.7155,1.0312,0.7367,1.0586
R936,1.916,1.6248,1.7386,1.5057,1.6758
R937,0.9048,1.1134,1.3885,1.6494,1.4485
R938,1.5982,1.3555,1.6219,1.4731,1.5188
R940,2.2968,2.0381,1.479,1.5802,1.4114
R941,0.5069,0.6059,0.4017,0.2829,0.4421
R942,0.989,1.0207,0.8534,1.3717,1.4016
R944,0.8552,0.9732,1.1658,1.1953,1.3488
R945,1.6107,1.5505,1.3968,1.5494,2.0052
R946,1.7496,1.993,1.9989,1.9861,1.5393
R947,1.8249,1.9754,2.2006,2.223,1.8658
R948,3.8276,3.8713,3.6656,3.352,2.8308
R949,3.4236,3.6573,3.7041,3.7569,3.719
R950,0.5808,0.6493,0.3209,0.3091,0.2698
R951,1.3248,1.4425,1.5852,1.3858,1.8504
R952,2.9768,2.7509,2.5334,1.9724,2.1844
R953,2.7327,2.761,2.7185,2.4188,2.1313
R954,3.1,2.9135,2.6068,2.3144,2.2988
R955,1.674,1.549,1.738,1.4012,1.2445
R956,3.5205,3.4782,3.3774,3.3156,3.297
R957,0.5061,0.3745,0.3848,0.4998,0.5403
R958,0.05,0.0324,0.056,0.0841,0.1687
R962,1.7832,1.9325,1.9416,1.8108,2.2627
R963,1.0479,1.1864,1.3834,1.1763,1.1938
R966,1.2455,0.7778,0.6695,0.6509,0.5519
R970,2.0027,2.0205,1.8543,1.769,1.936
R972,1.9342,1.7791,1.6429,1.2092,1.9003
R973,1.6784,1.9096,1.7175,1.3632,1.4054
R974,1.7439,1.5255,1.1357,0.633,0.3253
R977,1.819,1.8958,1.7458,1.6199,1.848
R979,2.0006,1.9553,1.7181,1.2389,1.2955
R980,2.1541,2.2197,2.1053,2.0309,1.8269
R982,1.6597,1.9241,1.914,1.6067,2.1559
R985,1.8591,1.5366,1.3278,0.8658,0.8552
R989,1.245,0.8324,0.6298,0.1958,0.0905
R990,1.1169,1.3114,1.3897,1.1124,1.2521
R992,1.943,1.5464,1.6385,1.2845,1.2741
R995,1.8773,1.6432,1.4448,1.3042,1.5722
R999,1.696,1.7728,1.8486,1.6255,1.7158
R1001,2.0755,1.988,1.753,1.2253,1.5149
R1002,1.5709,1.338,1.0127,0.8328,0.6197
R1005,2.1218,2.2316,2.2001,1.9071,1.952
R1006,2.226,2.194,2.2408,2.0957,2.0925
R1007,1.3059,1.0828,0.7743,0.5282,0.4554
R1009,1.5856,1.0862,0.8162,0.4274,0.2355
R1011,1.6489,1.7486,1.5201,1.4321,1.421
R1012,2.1946,1.9763,1.6431,1.4555,1.1579
R1014,1.8951,1.9832,2.1632,1.9284,2.4391
R1015,1.8082,2.1184,1.642,1.6824,1.6701
R1017,1.7996,1.425,1.3208,0.7204,0.6779
R1019,1.4241,1.1761,1.0076,0.6763,0.786
R1020,1.1844,0.725,0.6806,0.6405,0.3949
R1021,1.7741,1.5277,1.1439,0.638,0.3333
R1022,1.8623,1.5396,1.3252,0.9483,0.8096
R1024,1.7212,1.7956,1.8791,1.853,2.3927
R1025,1.9713,1.7315,1.4421,1.0026,1.0718
R1026,1.5532,1.1996,0.9282,0.6511,0.662
R1028,2.2685,2.4094,2.4797,2.3108,2.5021
R1032,1.5928,1.4641,1.4747,1.4754,1.2356
R1034,1.24,0.8239,0.6262,0.196,0.1077
R1035,1.924,2.0835,2.0096,1.8558,2.3527
R1036,1.3686,1.5001,1.6062,1.1698,1.9129
R1037,1.7253,1.7382,1.6192,1.5598,1.5179
R1041,1.6094,1.8947,1.6452,1.3632,1.2331
R1042,1.7183,1.7919,1.8799,1.8761,1.9562
R1046,1.3377,1.5591,1.749,1.6583,2.147
R1047,1.2374,1.4461,1.473,1.1701,1.6262
R1048,0.3387,0.3666,0.4169,0.1274,0.0946
R1049,1.7088,1.7807,1.5835,1.5273,1.5366
R1051,0.3857,0.25,0.1984,0.0633,0.0374
R1052,1.9417,2.2098,2.0101,1.9323,1.7852
R1053,1.5151,1.594,1.3104,1.6022,1.4334
R1054,1.8154,1.4995,1.3705,0.8863,0.9138
R1056,2.2753,2.3732,1.984,1.5254,1.6659
R1057,1.4152,1.1604,0.8628,0.7853,0.4837
R1058,1.0715,1.3388,1.3245,1.2999,1.9707
R1061,1.6947,1.3633,1.2259,0.8649,0.7925
R1065,1.4463,1.5918,1.2578,1.2633,1.1862
R1067,1.4591,1.5931,1.2662,1.2902,1.1989
R1069,0.4367,0.2364,0.2794,0.1437,0.1108
R1071,1.7891,2.2007,1.9894,1.9552,1.8638
R1074,1.717,1.6801,1.6184,1.559,1.5179
R1077,0.9804,0.9143,0.7457,0.9042,0.6091
R1078,1.5757,1.1767,1.3208,0.6865,0.7902
R1079,1.7107,1.7047,1.5288,1.6983,1.7288
R1080,0.0974,0.093,0.1687,0.0128,0.0
R1082,0.4064,0.638,0.535,0.5872,0.6763
R1083,0.0482,0.0609,0.0846,0.1641,0.1793
R1084,0.2091,0.2155,0.1697,0.0137,0.1636
R1085,0.0741,0.0157,0.0505,0.0253,0.052
R1086,0.7432,0.6206,0.5815,0.6963,0.5886
R1087,0.7899,0.9303,0.6013,0.4733,0.5289
R1088,0.6933,0.6442,0.7716,0.6875,0.6109
R1089,0.2579,0.1382,0.2449,0.1291,0.1347
R1090,2.7674,2.5307,2.45,1.6213,1.7626
R1091,0.5444,0.613,0.4483,0.4907,0.4783
R1092,1.39,1.1835,0.8526,0.4917,0.5446
R1093,0.8002,0.6566,0.4765,0.2452,0.215
R1094,1.3795,0.9677,0.6895,0.5314,0.6813
R1095,0.0257,0.0829,0.1118,0.0405,0.0
R1096,0.736,0.4424,0.4931,0.5946,0.3605
R1098,0.1636,0.0277,0.0999,0.1291,0.1023
R1100,1.1892,0.7434,0.5461,0.4076,0.4916
R1101,0.6911,0.5341,0.4379,0.3111,0.3307
R1102,0.0781,0.1444,0.0336,0.0,0.0486
R1103,0.3725,0.3513,0.2885,0.2352,0.319
R1105,0.7921,0.8658,0.928,0.7898,0.8675
R1107,0.0824,0.0698,0.0565,0.0,0.0
R1108,0.9773,0.7434,0.5786,0.2603,0.1557
R1109,0.0664,0.1778,0.0358,0.0,0.1813
R1114,0.5872,0.4362,0.4329,0.5129,0.5711
R1115,0.4172,0.5899,0.3729,0.391,0.4689
R1116,2.3268,1.8888,1.4955,1.3234,1.5623
R1117,0.3403,0.4002,0.4891,0.3776,0.3291
R1118,0.1219,0.1092,0.092,0.2452,0.2341
R1119,0.6989,0.4766,0.3437,0.4649,0.2692
R1120,0.8103,0.6966,0.6481,0.3787,0.4387
R1123,0.535,0.4163,0.4453,0.2738,0.3463
R1124,0.7937,0.8632,0.9428,0.8487,0.9491
R1125,0.047,0.0745,0.037,0.0189,0.0004
R1126,0.3817,0.4657,0.3727,0.4015,0.4804
R1128,0.1571,0.0761,0.0558,0.0343,0.0
R1130,0.4281,0.2512,0.1747,0.0898,0.2588
R1133,1.2781,0.734,0.7697,0.4397,0.4548
R1134,0.2363,0.3458,0.3075,0.2472,0.2332
R1135,2.9085,2.6976,2.4632,1.7149,1.7317
R1136,0.6031,0.4245,0.416,0.4798,0.1708
R1139,0.8853,0.9501,0.5992,0.4296,0.4729
R1140,0.6586,0.4735,0.4653,0.633,0.3828
R1142,0.5738,0.2804,0.4683,0.613,0.4648
R1143,1.8597,1.4188,1.3131,1.2071,1.0818
R1144,1.5359,1.4335,1.2626,1.2448,1.5777
R1145,0.5804,0.7351,0.7954,0.8108,0.3437
R1146,2.2237,2.1887,2.0365,2.043,1.6974
R1147,0.3448,0.5857,0.7859,0.8354,0.7582
R1148,1.8253,1.6231,1.603,1.6456,1.6088
R1149,1.7637,1.9023,1.8803,1.8865,1.7052
R1150,2.3879,2.3112,2.4388,2.459,2.2504
R1151,2.3835,2.3401,2.1888,1.9253,1.889
R1152,1.0464,1.107,1.1623,1.2023,1.2639
R1153,0.5309,0.6299,0.7037,0.7401,0.7189
R1154,0.3575,0.4445,0.3344,0.2566,0.2828
R1155,2.0132,2.1841,2.1429,1.9652,1.7523
R1156,0.1216,0.356,0.6476,0.7511,0.5042
R1157,1.9406,2.1346,2.118,2.2308,2.1415
R1158,1.3323,1.2462,1.1602,1.3313,1.3159
R1159,2.434,2.5007,2.8207,3.0577,3.0778
R1161,1.8367,1.7436,1.4213,1.4642,1.0325
R1163,0.9079,0.7341,0.3451,0.2765,0.3696
R1164,0.1141,0.0254,0.0467,0.0,0.0315
R1166,1.474,1.159,0.9932,0.6866,0.8385
R1167,1.3321,1.0755,1.0381,1.1706,1.1395
R1168,0.9122,0.7694,0.5449,0.7273,0.9341
R1175,1.9586,1.8821,1.5122,1.4756,1.1014
R1176,1.8359,1.9065,1.3867,1.2209,0.9376
R1177,0.284,0.2474,0.2026,0.0365,0.0391
R1178,0.1396,0.1448,0.0896,0.0758,0.0788
R1179,1.8899,1.8695,1.5543,1.4582,1.0746
R1180,1.7297,1.6618,1.9356,1.7263,1.0813
R1181,0.0511,0.0072,0.0106,0.0062,0.0226
R1182,0.7139,0.6146,0.3512,0.2322,0.2901
R1184,2.3775,2.3813,2.5804,2.2757,2.2326
R1185,1.928,1.8454,2.1297,2.306,2.4499
R1186,1.3529,1.1277,1.093,1.1043,1.2774
R1187,0.3531,0.1291,0.22,0.1413,0.1539
R1188,2.4862,2.2758,2.4406,2.3313,2.2533
R1189,1.8649,2.0868,2.1461,2.208,1.7964
R1190,1.7093,1.7231,1.6924,1.2,1.5449
R1191,2.0632,2.2035,1.958,2.1992,2.0286
R1192,1.6605,1.5633,1.6376,1.595,1.8732
R1193,1.2138,1.3966,1.1466,1.2029,0.6805
R1194,0.995,1.0149,1.0177,1.1579,1.4359
R1195,3.0862,2.702,2.7072,2.4602,2.4842
R1196,1.6492,1.6775,1.801,1.4882,1.7483
R1197,2.4038,2.3862,2.3782,2.4592,2.3521
R1200,0.7474,0.6789,0.7072,0.6852,0.8966
R1203,0.0264,0.1167,0.0464,0.0362,0.0243
R1204,0.6897,0.695,0.808,0.8505,1.2831
R1205,0.1142,0.0554,0.0317,0.0105,0.0109
R1208,1.0565,1.1961,1.0555,0.9605,1.07
R1209,0.6737,0.8891,0.8196,0.5283,0.5869
R1210,0.2775,0.2647,0.3359,0.4058,0.3779
R1211,0.9989,1.0879,0.9631,1.0349,0.8765
R1212,0.0,0.0,0.0,0.0,0.0
R1213,0.0,0.0297,0.0,0.0,0.0
R1215,0.0282,0.0136,0.0382,0.0203,0.0023
R1219,0.5047,0.5366,0.6639,0.7881,1.0537
R1221,0.1644,0.1465,0.067,0.0658,0.018
R1223,0.0,0.0,0.0104,0.0,0.009
R1227,0.9246,1.0646,1.0419,1.0673,0.7292
R1228,0.5007,0.6154,0.5446,0.6702,1.0445
R1229,0.1197,0.0615,0.0261,0.0016,0.2372
R1231,0.3835,0.2034,0.0803,0.0537,0.15
R1232,0.1155,0.1026,0.1195,0.0973,0.063
R1233,0.2408,0.4778,0.4845,0.5157,1.1043
R1235,0.6704,0.7689,0.702,0.6415,0.7316
R1236,0.7374,0.7561,0.763,0.7888,0.643
R1238,0.5307,0.6648,0.6856,0.658,0.3279
R1239,0.8051,0.7722,0.8268,0.7812,0.8616
R1241,0.0807,0.0471,0.085,0.0293,0.081
R1243,0.9086,1.0838,0.9341,1.06,0.9511
R1247,0.1007,0.1418,0.1558,0.1794,0.1784
R1249,0.9836,0.8537,0.8322,0.9411,1.3101
R1255,0.7239,0.8734,0.522,0.3978,0.3049
R1257,0.0,0.0,0.0,0.0,0.0
R1260,0.641,0.3708,0.2008,0.2944,0.307
R1262,0.0,0.0,0.0197,0.002,0.0015
R1267,0.3822,0.463,0.7124,0.5891,0.3989
R1272,1.0158,1.0859,0.9898,1.0463,0.8752
R1273,0.8041,0.7321,0.4404,0.3262,0.3587
R1276,0.001,0.1226,0.1532,0.0554,0.1734
R1277,0.8262,0.8867,0.7801,0.7729,0.9026
R1278,1.0953,1.2131,1.3317,1.2198,1.0655
R1279,0.8692,0.7822,0.814,0.9144,0.5855
R1281,0.5178,0.5167,0.409,0.2836,0.1462
R1282,0.3272,0.5537,0.5824,0.6417,0.5776
R1285,0.3122,0.2211,0.1118,0.0076,0.1185
R1286,0.5307,0.499,0.5059,0.4534,0.4934
R1289,0.2919,0.3278,0.1723,0.0784,0.1027
R1291,0.3303,0.1131,0.2262,0.2159,0.1202
R1296,0.3207,0.3498,0.2165,0.1572,0.1176
R1298,0.7733,0.8355,0.7396,0.423,0.2786
R1301,0.7795,0.514,0.6016,0.2873,0.236
R1303,0.0,0.0104,0.0,0.0,0.0
R1306,0.8526,0.6943,0.7532,0.7054,0.2414
R1307,0.6032,0.6274,0.5423,0.5134,0.6045
R1308,0.0414,0.0339,0.009,0.0,0.0016
R1309,1.2338,1.1753,1.0778,1.1803,0.7033
R1310,0.4331,0.3756,0.3226,0.3548,0.3942
R1311,1.3732,1.1671,1.2115,0.828,0.5568
R1312,1.3822,1.5131,1.4396,1.3461,1.4311
R1314,0.0,0.0,0.031,0.0,0.0
R1316,0.0,0.0031,0.0,0.0,0.0
R1317,0.2096,0.1491,0.1874,0.0931,0.1891
R1318,0.4077,0.2351,0.1646,0.1209,0.2845
R1319,0.6319,0.6289,0.5261,0.4975,0.6119
R1321,0.4699,0.6478,0.7291,0.6658,0.7129
R1326,1.3236,1.3351,1.3028,1.0773,1.3319
R1327,0.2377,0.2712,0.364,0.3342,0.2718
R1330,0.0,0.0483,0.0427,0.0,0.1395
R1333,1.5421,1.5541,1.5414,1.6333,1.5201
R1335,0.3813,0.4709,0.6829,0.6091,0.6083
R1338,0.4504,0.5506,0.5125,0.5044,0.645
R1339,0.9123,0.8497,0.962,0.8005,0.7812
R1341,0.0,0.0079,0.0232,0.0317,0.0202
R1342,0.5909,0.6391,0.5105,0.5122,0.5684
R1347,0.619,0.8038,0.7962,0.7321,0.7625
R1348,1.1447,1.204,0.9576,1.0419,0.7818
R1349,0.2752,0.2889,0.3287,0.2275,0.2776
R1351,0.506,0.4242,0.3572,0.3773,0.3892
R1353,0.2405,0.213,0.1643,0.1716,0.0201
R1355,0.0,0.0272,0.0681,0.0775,0.1148
R1356,0.5677,0.5558,0.5601,0.4309,0.4394
R1357,0.79,0.5912,0.5239,0.4592,0.3414
R1358,0.6841,0.715,0.7875,0.7021,0.2997
R1359,0.0095,0.0,0.0059,0.0154,0.0023
R1360,0.6342,0.4391,0.5134,0.3522,0.2019
R1362,0.5229,0.616,0.5236,0.4745,0.4929
R1364,0.6696,0.6673,0.598,0.5122,0.7574
R1365,0.0,0.0,0.0022,0.0003,0.0355
R1366,0.3577,0.4762,0.4066,0.4814,0.4366
R1367,0.5182,0.4223,0.4767,0.3677,0.1893
R1368,0.0321,0.0393,0.0,0.0,0.0561
R1375,0.0,0.0,0.0018,0.0,0.0058
R1378,0.0046,0.0086,0.0,0.051,0.0563
R1386,0.25,0.1075,0.0464,0.1059,0.0
R1387,0.1128,0.1181,0.1319,0.2266,0.2153
R1388,0.2435,0.1416,0.0671,0.1092,0.155
R1390,0.2763,0.505,0.4966,0.56,0.65
R1391,0.0074,0.0504,0.0155,0.0,0.0
R1397,0.387,0.6399,0.5655,0.5263,0.5208
R1399,0.9753,0.6272,0.4771,0.2366,0.3793
R1421,0.0176,0.0723,0.0577,0.0,0.0277
R1423,0.2094,0.0929,0.0475,0.1136,0.1931
R1427,0.0064,0.0008,0.0,0.011,0.015
R1433,0.1274,0.3215,0.1443,0.0757,0.0648
R1435,0.0045,0.0066,0.0,0.0,0.0018
R1438,0.0017,0.0147,0.0219,0.0175,0.016
R1446,0.7117,0.6963,1.0348,0.6001,0.6049
R1448,0.0302,0.0386,0.0935,0.0758,0.15
R1451,1.7716,1.7614,1.618,1.4504,1.4475
R1452,1.2809,1.2505,1.2997,1.3456,1.1042
R1454,0.9141,0.7905,0.885,0.8571,0.8408
R1455,0.0608,0.0152,0.0,0.0035,0.0292
R1460,0.8982,0.7968,0.958,0.9302,0.7967
R1469,0.0591,0.0528,0.0642,0.1697,0.1724
R1471,1.3442,1.3028,1.6512,1.7518,1.3159
R1472,1.8238,1.6561,1.5236,1.3949,1.6384
R1474,0.7978,0.7701,0.8293,0.8579,0.7898
R1478,0.7817,0.5411,0.5845,0.394,0.1789
R1481,0.8844,0.7894,0.8054,0.8861,0.8616
R1483,1.3027,1.2926,1.7086,1.9292,1.4786
R1487,1.6909,1.5748,1.674,1.5198,1.5555
R1488,1.3812,1.4932,2.0063,2.0384,1.9967
R1493,1.5646,1.3424,1.8365,1.5882,1.6536
R1498,1.37,1.1766,1.0049,0.724,0.5582
R1501,1.3738,1.1773,1.1484,1.2437,1.3515
R1504,0.339,0.2843,0.3443,0.5031,0.5191
R1505,0.5704,0.5173,0.517,0.5071,0.5749
R1509,1.8314,2.0369,2.1393,1.4907,1.6286
R1513,1.0714,1.028,1.0343,0.9591,1.0399
R1522,1.2225,0.9321,0.8006,0.6563,0.769
R1523,1.9461,1.8927,1.8611,1.7755,1.7474
R1533,0.1608,0.1986,0.2918,0.2271,0.0417
R1535,0.4103,0.3943,0.3075,0.4576,0.4225
R1545,0.1621,0.1368,0.1766,0.0657,0.1055
R1547,0.9724,0.9826,1.0032,0.9288,0.876
R1548,0.9995,1.0206,0.9754,0.939,1.0791
R1553,0.5327,0.5484,0.269,0.2439,0.3129
R1555,0.7358,0.6478,0.7143,0.8311,0.7634
R1557,0.0027,0.0,0.0,0.0068,0.1113
R1561,0.6965,0.5506,0.379,0.2037,0.3808
R1562,0.7211,0.767,0.8745,0.932,0.823
R1563,0.869,0.9921,0.9673,1.1027,1.0678
R1564,0.6409,0.4968,0.4349,0.2369,0.0884
R1565,1.1752,1.2965,1.6276,1.3098,1.4757
R1566,0.3959,0.719,0.748,0.6014,0.3368
R1567,0.2148,0.215,0.264,0.2625,0.1901
R1568,1.0206,1.2322,1.0209,1.1639,1.0393
R1569,0.4647,0.3706,0.3232,0.4741,0.7763
R1570,0.6359,0.2871,0.4269,0.4899,0.5765
R1571,0.6267,0.7251,0.6857,0.6028,0.8981
R1572,0.6656,0.7648,0.9126,0.7264,0.7186
R1573,1.6813,1.5119,1.7471,1.2835,1.5432
R1574,1.1274,1.2376,1.4075,1.1128,1.3245
R1575,1.3937,1.4484,1.3854,1.413,1.2291
R1577,1.9711,1.9012,1.7827,1.647,1.6233
R1578,0.817,0.7962,0.6618,0.6013,0.5888
R1579,1.5684,1.6142,1.7094,1.6036,1.7556
R1580,0.8828,0.8327,0.8736,0.7257,0.9383
R1581,1.9637,2.2056,2.135,1.98,1.838
R1582,1.7698,1.7266,1.912,1.6214,1.3367
R1583,0.7235,0.9501,0.8538,0.8124,1.0731
R1585,0.6916,0.7315,0.9667,0.6824,0.7999
R1586,1.3467,1.3372,1.3689,1.1704,0.9679
R1587,0.6564,0.7312,1.0601,1.0129,1.0383
R1588,1.2775,1.4619,1.4691,1.4549,1.5309
R1589,0.7047,0.7069,0.782,1.0216,0.9417
R1590,0.8169,0.8852,0.9945,0.8455,1.0042
R1591,0.9166,0.754,0.4855,0.6091,0.9474
R1592,0.1654,0.0745,0.0724,0.1051,0.1585
R1593,2.1566,2.3506,2.6314,2.4418,1.8155
R1594,0.11,0.2735,0.3988,0.6335,0.8315
R1597,1.6155,1.8253,2.0214,2.1949,2.0508
R1598,0.9205,1.1921,1.0804,0.846,0.9978
R1599,2.0783,1.9542,2.0286,1.8197,1.9518
R1600,0.0457,0.0085,0.15,0.2296,0.1511
R1601,1.2103,1.2749,1.2341,1.3309,1.3513
R1602,0.3175,0.3979,0.4638,0.2405,0.4453
R1603,0.8059,1.1387,1.0139,1.0952,1.0724
R1604,1.2704,1.1075,1.189,1.1618,1.0773
R1606,1.4999,2.2193,2.116,2.0016,2.1132
R1607,1.6006,2.217,2.0886,2.096,2.1824
R1608,1.9292,1.9641,1.9795,1.9419,2.1585
R1609,2.2258,2.2349,2.5592,2.5462,2.4815
R1610,0.0383,0.0393,0.0573,0.2359,0.3023
R1611,1.086,1.2267,1.2435,1.0856,1.1514
R1612,0.7972,0.9429,0.9733,1.0036,0.9149
R1613,0.0624,0.1516,0.1963,0.3286,0.1352
R1614,0.7922,0.9742,0.8042,0.6335,0.8243
R1615,1.2021,1.1704,1.3951,1.1304,1.1155
R1616,1.9281,1.9612,1.9498,1.8293,1.8198
R1617,1.3986,1.2114,1.0799,1.0784,1.1499
R1618,0.8904,1.0553,0.9766,1.1232,1.0014
R1619,1.5442,1.376,1.597,1.7552,1.5533
R1620,1.0944,1.2261,1.094,0.906,1.1815
R1621,2.1698,2.0761,2.3263,2.1431,1.9084
R1622,2.1265,2.3534,2.1929,1.8807,1.9212
R1623,2.5995,2.4968,2.4371,2.4469,2.3944
R1624,2.1945,2.3956,2.2027,2.2188,2.4421
R1625,2.0305,2.0715,1.9249,1.5917,1.4993
R1626,2.1493,2.0884,2.1548,1.705,1.8145
R1627,2.3329,2.5199,2.4437,2.2395,2.1341
R1628,2.1066,2.0826,2.0126,1.5704,1.8403
R1629,1.9284,1.7637,1.8151,1.5996,1.3892
R1630,2.2901,2.3517,2.0775,1.762,1.7487
R1631,2.2462,2.1602,1.9813,1.7626,1.7152
R1632,2.247,2.1553,1.7813,2.0714,1.5163
R1633,2.6884,2.5382,2.4376,1.9578,2.1791
R1634,1.5783,1.6525,1.6199,1.3566,1.1754
R1635,2.5837,2.4103,2.4321,2.2971,2.2467
R1636,2.0515,1.8357,2.1682,1.9711,1.8944
R1637,2.1623,2.2496,2.1586,2.161,2.4109
R1638,1.0843,1.5015,1.131,1.0751,1.2275
R1639,1.9354,2.0157,2.0087,1.9054,1.519
R1640,2.3015,1.9436,1.9772,1.6519,1.7125
R1641,2.1613,2.1691,2.0591,1.6879,1.5315
R1642,1.6669,1.6807,1.5927,1.4566,1.6653
R1643,2.3109,2.2193,2.4625,1.991,2.1573
R1644,2.2368,2.059,1.9901,1.6726,2.0558
R1645,2.4963,2.4488,2.424,2.2383,2.091
R1646,2.2022,2.4416,2.0381,2.0051,1.4635
R1647,1.7161,1.6301,1.4425,1.5858,1.5303
R1648,2.5196,2.3796,1.8791,1.7926,1.2139
R1649,2.9711,3.1166,2.9112,2.9905,2.8447
R1650,2.1251,1.9655,1.8792,1.7409,1.5121
R1651,0.3162,0.3016,0.1921,0.1023,0.1544
R1652,2.3122,2.4847,2.3772,2.0168,2.1939
R1653,1.3436,1.3407,1.3298,1.6411,1.6691
R1654,1.7356,1.6246,1.7844,1.5228,1.2538
R1655,2.6032,2.4168,2.4905,2.3294,2.5848
R1656,2.6202,2.6072,2.58,2.1466,1.9585
R1657,2.4143,2.3103,2.2568,2.0403,1.8078
R1658,2.6113,2.5895,2.5596,2.4059,2.5046
R1659,2.3418,2.3497,2.2406,1.9314,1.8694
R1660,0.8294,0.8736,1.081,0.9955,1.2453
R1661,0.6552,0.7242,0.6973,0.4681,0.5587
R1662,2.3529,2.5672,2.4984,2.1092,2.0105
R1663,2.6038,2.3877,2.4793,2.1681,2.3777
R1664,2.5934,2.5191,2.5623,2.4264,2.6451
R1665,1.8902,1.8783,2.0951,1.6162,1.4857
R1666,2.271,2.2363,1.8324,1.6104,1.4186
R1667,1.4185,1.3944,1.5551,1.6587,1.4337
R1668,1.8497,1.8661,1.8982,1.6339,1.4302
R1669,2.3439,2.2081,2.145,1.5982,1.7802
R1670,2.0543,2.0961,1.9438,1.8296,2.0629
R1671,2.0771,2.205,2.3541,2.3455,2.5692
R1672,1.7339,1.3711,1.8238,1.6838,1.3468
R1673,1.9931,2.2748,2.212,1.9467,1.948
R1674,1.9916,2.1383,1.7278,1.7961,1.4926
R1675,2.2228,2.0575,1.9557,1.7239,1.6103
R1676,1.9536,2.0011,2.5515,2.5456,2.2189
R1677,2.2276,2.5283,2.3481,2.0234,2.1213
R1678,2.3132,2.3443,2.1158,1.9424,1.5754
R1679,2.495,2.3214,2.517,2.2056,2.1872
R1680,2.0655,2.0475,2.1133,1.8466,1.9333
R1681,1.4539,1.4967,1.3135,1.0988,1.0873
R1682,2.394,2.3478,2.3459,2.2549,2.2884
R1683,1.9006,1.955,1.9656,1.7942,1.7187
R1684,1.9977,2.2882,2.1865,1.8434,1.7095
R1685,2.3573,2.1561,2.145,1.5267,1.6856
R1686,2.0999,2.0341,2.1125,2.0684,1.8424
R1687,2.1102,2.036,1.972,1.8937,1.6661
R1688,2.4794,2.4523,2.2607,2.5491,2.7509
R1689,2.0955,1.8889,1.9721,2.0681,1.9703
R1690,0.5491,0.4413,0.4549,0.3614,0.3257
R1691,1.8977,2.077,1.8375,1.7669,1.2361
R1692,2.2106,1.991,2.1267,1.9256,1.5568
R1693,2.2423,2.294,2.0808,1.7643,1.8336
R1694,2.3404,2.3607,2.2737,1.8226,1.9224
R1695,1.9262,1.7258,1.9696,1.6072,1.4097
R1697,2.7774,2.5472,2.5095,2.05,2.2526
R1698,0.6814,0.5533,0.4588,0.4678,0.6014
R1699,2.5083,2.0565,2.2941,1.8249,2.0996
R1700,2.0153,2.2632,2.1567,1.9637,1.7617
R1701,2.3867,2.3934,2.3008,2.2383,2.2335
R1702,2.2825,2.1199,2.2194,1.9252,1.8018
R1703,2.4357,2.2373,2.3842,2.1027,2.2723
R1704,2.058,2.0176,1.9459,1.9032,1.3862
R1705,0.7135,0.7506,0.7233,0.6266,1.0205
R1706,1.9998,2.0128,2.0744,1.9049,2.0559
R1707,2.6187,2.5444,2.5044,2.0224,2.175
R1708,2.1733,1.885,2.1392,1.9724,2.1795
R1709,2.4949,2.2037,2.1407,2.1004,1.8166
R1710,0.4293,0.3604,0.2963,0.3046,0.2966
R1711,1.8195,2.0408,2.1597,2.0777,1.8959
R1712,2.3926,2.4294,2.2998,2.0222,1.9494
R1713,1.5307,1.2845,1.5672,1.8751,1.8184
R1714,3.2386,3.3497,3.4628,3.5078,3.4291
R1715,2.607,2.7252,2.5589,2.4242,2.1879
R1716,2.6661,2.7448,2.8342,2.7284,2.805
R1717,2.1027,2.1783,2.0584,2.2003,1.9713
R1718,2.5353,2.6618,2.4785,2.6443,2.3604
R1719,3.0339,3.2597,3.2677,3.3651,3.2625
R1720,2.2552,2.543,2.6617,2.8934,2.8178
R1721,3.3228,3.3135,3.475,3.5513,3.4403
R1722,2.3146,2.0055,1.9132,2.0948,1.8599
R1723,2.7208,2.9238,3.1156,2.9632,2.9383
R1724,1.9052,2.1788,2.1584,1.9376,2.1333
R1725,2.1229,2.2413,2.3077,2.2763,2.1752
R1726,2.7103,2.8573,2.7266,2.7609,2.722
R1727,1.8682,2.3162,2.1429,2.0919,2.2301
R1728,2.9147,2.9891,3.0754,2.8289,2.8185
R1729,3.1393,3.1624,3.0865,3.2417,3.0874
R1730,2.8333,2.8679,3.0379,3.1139,3.3128
R1731,1.4265,1.5427,1.0767,1.1824,1.3374
R1732,1.6666,1.6046,1.3859,1.4618,1.6073
R1733,1.4226,1.6174,1.6684,1.5414,1.5313
R1734,0.409,0.4471,0.8692,0.8549,0.9176
R1735,1.1874,1.2772,1.1241,1.0349,1.1926
R1736,2.291,2.5385,2.4409,2.5019,2.4196
R1737,1.2668,1.8358,1.7772,1.6214,1.3256
R1738,2.7277,2.8577,3.0846,3.5375,3.3085
R1739,1.4911,1.5455,1.5653,1.4629,1.3257
R1740,1.1332,1.3014,1.3734,1.3155,1.1043
R1745,0.7664,0.6198,0.6717,0.5862,0.2016
R1748,0.9124,0.4983,0.2822,0.7105,0.4191
R1750,0.9494,0.901,0.8717,0.6258,0.4456
R1751,1.3355,1.2953,1.0984,0.9577,0.695
R1752,1.0336,0.6497,0.3931,0.3341,0.1076
R1757,0.3859,0.4904,0.4054,0.4561,0.1537
R1762,3.3479,3.4965,3.3443,3.6658,3.6133
R1763,2.2753,2.1681,2.5267,2.5173,2.4708
R1764,2.3574,2.5546,2.6648,2.9057,2.8122
R1765,2.8537,2.9583,2.8413,2.8734,2.7913
R1766,3.2291,3.5527,3.535,3.6639,3.5328
R1767,3.603,3.635,3.4102,3.1842,3.0034
R1768,2.8523,2.2293,2.5423,2.774,2.8456
R1769,2.3212,2.0874,2.0101,1.7718,2.0176
R1770,2.5416,2.5466,2.5938,2.5633,2.3317
R1771,1.9854,1.7197,1.8005,1.7729,1.4924
R1772,3.0736,3.324,3.516,3.1326,3.3408
R1773,1.6379,1.5582,1.3363,1.4701,1.6003
R1774,2.4484,2.3643,2.393,2.5332,2.5847
R1775,3.3402,3.3643,3.5992,3.4715,3.4759
R1776,2.4688,2.3395,2.3885,2.3492,2.3619
R1777,3.5663,3.3818,3.2305,3.1703,3.167
R1778,1.2898,1.7549,2.0539,1.7475,1.811
R1779,3.0002,3.2957,3.1817,3.0195,3.053
R1780,4.0423,4.1559,4.0473,4.0051,3.9859
R1781,3.3816,3.532,3.43,3.433,3.1044
R1782,3.3212,3.4481,3.4732,3.5103,3.2483
R1783,2.9089,2.9273,3.1063,3.0009,3.0485
R1784,3.5168,3.3461,3.0067,2.8761,3.0673
R1785,3.0474,3.1465,3.2758,3.1847,3.2345
R1786,2.5827,2.9325,2.9968,2.4814,2.4908
R1787,2.6216,2.923,2.8831,2.8345,3.0506
R1788,3.1659,3.1655,3.2279,3.2883,3.1732
R1789,1.4761,1.6091,1.7465,1.6776,1.454
R1790,2.0729,1.9386,2.2247,1.9244,2.0516
R1791,2.9741,3.2603,3.0484,2.8052,3.0697
R1792,2.6289,2.597,2.6215,2.8341,2.9977
R1793,3.6946,3.6291,3.9401,3.9312,3.9561
R1794,2.6291,2.4561,2.1935,2.1374,2.3791
R1795,0.5858,0.8167,0.8001,0.8434,0.8714
R1796,1.0264,0.7945,0.7676,0.873,0.4147
R1799,0.751,0.5241,0.5897,0.6156,0.2887
R1800,1.2476,1.1594,1.0661,0.8983,0.9065
R1801,0.5924,0.5552,0.6677,0.5015,0.1709
R1802,0.8525,0.5218,0.5062,0.7598,0.5977
R1804,0.6871,0.8484,0.816,0.8031,0.6802
R1805,0.7283,0.6092,0.484,0.66,0.9402
R1806,0.9237,0.6277,0.4063,0.5591,0.4153
R1809,0.3256,0.2958,0.2919,0.126,0.153
R1810,0.6202,0.7318,0.5947,0.4529,0.7143
R1811,0.6352,0.877,0.7304,0.6781,0.7425
R1812,0.4251,0.4267,0.5474,0.6655,0.644
R1813,0.3824,0.3644,0.3397,0.1698,0.153
R1815,0.4365,0.4941,0.4346,0.6387,0.721
R1816,0.2674,0.2937,0.131,0.1842,0.232
R1817,0.4307,0.4562,0.3623,0.3651,0.623
R1819,0.5857,0.4985,0.3417,0.3573,0.377
R1820,0.5915,0.46,0.4303,0.2689,0.3114
R1821,0.0679,0.1195,0.113,0.0528,0.0053
R1822,0.3564,0.299,0.2866,0.1266,0.2316
R1823,0.1083,0.0658,0.0,0.0,0.0087
R1824,0.6446,0.5401,0.3729,0.3395,0.335
R1826,1.4552,1.3434,1.1643,0.932,0.8364
R1827,0.009,0.0093,0.0061,0.0,0.0066
R1828,0.2938,0.251,0.2461,0.0662,0.0071
R1829,0.6553,0.4813,0.3169,0.2508,0.192
R1831,0.3719,0.331,0.2254,0.2391,0.3421
R1832,1.2571,1.0896,1.092,0.8757,0.9169
R1836,0.8205,1.1342,1.1392,1.2493,1.4001
R1839,0.8942,0.6234,0.8673,0.8493,0.7598
R1840,0.3889,0.4497,0.5527,0.7352,0.7037
R1841,0.2444,0.1787,0.0705,0.0083,0.0426
R1843,1.4246,1.6551,1.5947,1.5902,1.3291
R1844,1.6843,1.7412,1.5547,1.0283,1.1726
R1845,0.6644,0.4478,0.5111,0.687,0.5657
R1846,1.4591,1.1004,1.3269,1.3355,1.2846
R1848,0.2706,0.2367,0.2502,0.1696,0.0954
R1849,0.5009,0.5256,0.6083,0.7486,0.5126
R1851,0.7718,0.6758,0.6899,0.7434,0.7525
R1852,0.2568,0.3482,0.4418,0.5828,0.6909
R1853,0.5337,0.4693,0.3154,0.1878,0.2091
R1854,1.0217,0.8464,0.845,0.6622,0.7743
R1855,0.4113,0.3649,0.2373,0.1778,0.165
R1856,1.7725,1.6804,2.0482,1.6997,1.7207
R1858,0.8088,0.5944,0.7375,0.3762,0.3547
R1860,0.832,0.7411,0.6881,0.6573,0.4969
R1862,0.58,0.5538,0.4179,0.2846,0.427
R1863,0.5763,0.4366,0.3162,0.2998,0.2528
R1864,0.2103,0.209,0.28,0.1712,0.2893
R1865,0.3705,0.2442,0.3001,0.6466,0.4828
R1866,0.032,0.0984,0.0458,0.0885,0.0774
R1869,0.8031,0.5761,0.5288,0.5212,0.7099
R1871,0.4249,0.3744,0.7517,0.4958,0.4356
R1872,1.3061,1.2419,1.0825,0.9561,0.8068
R1874,0.8963,0.5648,0.5323,0.4469,0.464
R1875,0.8079,0.5126,0.2509,0.2532,0.3715
R1877,0.1917,0.1873,0.2883,0.1681,0.2861
R1878,1.1335,0.9505,0.4665,0.4395,0.4911
R1879,1.4711,1.2807,1.0835,0.7743,0.8191
R1880,0.0704,0.0563,0.0663,0.1679,0.1136
R1881,0.1161,0.1408,0.0559,0.1845,0.0866
R1882,0.5686,0.6051,0.7956,0.9918,0.7835
R1887,0.8368,0.6634,0.5448,0.4318,0.3384
R1888,1.1535,0.836,0.7258,0.7596,0.6815
R1891,0.9823,0.5374,0.6199,0.6311,0.6265
R1892,1.0178,0.6264,0.6117,0.5197,0.6507
R1895,1.0644,0.8592,0.8058,0.7392,0.6194
R1898,0.4987,0.3978,0.4532,0.3471,0.4396
R1903,0.5152,0.53,0.3776,0.3294,0.5062
R1904,1.054,1.0559,1.013,0.7714,0.9052
R1905,0.7496,0.7362,0.7481,0.4658,0.371
R1908,0.2202,0.1661,0.1337,0.2561,0.1728
R1909,0.5615,0.5801,0.4434,0.3526,0.4379
R1910,0.1932,0.1541,0.1721,0.305,0.3099
R1911,1.0629,1.0431,0.9428,0.7163,0.7003
R1913,0.8045,0.6698,0.4693,0.3628,0.3689
R1915,0.2645,0.3449,0.3216,0.167,0.1788
R1916,0.8489,0.7688,0.7487,0.499,0.6542
R1917,0.9195,0.8886,0.5658,0.6734,0.6721
R1918,0.9347,1.0087,1.0265,0.8355,1.1915
R1919,0.6141,0.5188,0.6025,0.4299,0.4529
R1920,0.1197,0.0729,0.1198,0.0139,0.1822
R1921,0.2924,0.1643,0.0643,0.0333,0.0409
R1923,0.8584,0.9387,1.2492,1.0892,0.8179
R1924,1.108,0.8323,0.7224,0.7048,0.9062
R1925,0.8663,0.8942,0.7368,0.7758,0.6183
R1926,0.4252,0.3647,0.7514,0.5,0.4551
R1927,0.4883,0.3171,0.2624,0.2144,0.148
R1928,0.4429,0.3957,0.7389,0.5189,0.4564
R1929,1.0158,0.8255,0.7883,0.7109,0.6057
R1930,0.3771,0.4035,0.3874,0.2831,0.2989
R1931,0.7547,0.7461,0.6947,0.4783,0.3738
R1932,0.7104,0.5545,0.5099,0.5276,0.6067
R1933,0.6526,0.6031,0.631,0.6491,0.7032
R1934,0.3009,0.1644,0.1297,0.2103,0.0916
R1936,0.6142,0.4937,0.482,0.5253,0.5276
R1937,1.5229,1.287,1.0157,0.7965,0.8098
R1938,0.3362,0.3841,0.2451,0.1883,0.215
R1939,0.9199,1.1365,1.2343,1.1063,1.2247
R1940,0.5065,0.3181,0.2798,0.2982,0.4729
R1941,0.7934,0.5879,0.6368,0.5961,0.493
R1942,0.7699,0.6264,0.3909,0.4676,0.363
R1945,0.0177,0.0567,0.0215,0.0772,0.0744
R1946,2.2434,2.3566,2.3554,2.1508,1.8859
R1947,0.9606,0.5409,0.6313,0.5903,0.5844
R1948,0.8092,0.6597,0.4366,0.5001,0.7142
R1949,0.9556,0.5285,0.6191,0.5823,0.5776
R1950,0.0903,0.0813,0.0184,0.2045,0.058
R1951,0.5897,0.5373,0.3829,0.2815,0.443
R1953,0.6789,0.624,0.4999,0.3728,0.2814
R1955,0.8281,0.6979,0.4391,0.4819,0.3655
R1956,0.5403,0.4936,0.476,0.3344,0.3564
R1957,1.5463,1.7158,1.5276,1.3478,1.351
R1959,0.0586,0.0064,0.2114,0.1039,0.1888
R1960,1.6467,1.893,1.8236,1.6902,2.0676
R1961,2.0126,1.71,1.5018,1.5328,0.9782
R1962,1.6336,1.5683,1.924,2.0019,2.1266
R1963,1.4815,1.5448,1.3492,1.2864,1.1638
R1964,1.0058,0.8932,1.0282,0.7776,0.7416
R1966,0.7492,0.8018,0.9361,0.6746,0.5969
R1968,0.1804,0.1998,0.1619,0.2132,0.1356
R1969,1.1983,1.3222,1.0318,0.754,0.9985
R1970,1.2718,1.2638,1.3184,1.2149,0.9551
R1971,0.7589,0.6263,0.6468,0.6233,0.5701
R1972,1.0097,0.8244,0.9413,0.7601,0.8478
R1973,0.8547,0.8847,0.9698,1.0903,1.1298
R1974,0.5954,0.7871,0.8092,0.6073,0.6343
R1975,0.6288,0.7745,0.5421,0.6241,0.9277
R1976,0.7163,0.8846,1.0516,0.7186,0.7849
R1977,1.6032,1.3501,1.3194,1.1771,1.1431
R1978,0.5118,0.5202,0.5302,0.4441,0.6752
R1979,0.9234,0.9742,1.2094,1.0928,1.1038
R1980,0.2952,0.3184,0.2445,0.3171,0.3817
R1981,0.0865,0.1402,0.2123,0.0385,0.1147
R1982,0.8176,0.7745,0.8909,0.7778,0.8936
R1983,1.6051,1.273,1.5962,1.2658,1.3227
R1984,1.7275,1.4951,1.1469,1.1653,0.9771
R1985,0.9005,1.1306,0.8779,0.6162,0.7925
R1986,1.252,1.4238,1.2696,0.7545,1.1928
R1987,1.1777,1.1078,0.9916,0.7467,1.0001
R1988,1.0211,0.9252,1.0229,0.7872,0.7397
R1989,2.4545,2.6276,2.5937,2.4854,2.4937
R1990,0.2939,0.2606,0.3468,0.3933,0.3621
R1991,0.0,0.0,0.0,0.0,0.0289
R1992,0.0402,0.044,0.0323,0.0648,0.0614
R1994,1.8056,1.4904,1.6361,1.4647,1.2373
R1995,0.7087,0.8193,0.8335,0.6766,0.721
R1996,1.1178,1.304,1.2216,1.1467,1.1849
R1998,0.3569,0.2758,0.4501,0.4812,0.5269
R1999,1.0872,1.1755,1.2963,1.6947,1.6833
R2000,1.1752,1.3286,1.3888,1.3067,1.6921
R2001,2.5307,2.7153,2.8378,2.744,2.8333
R2002,0.4632,0.7112,0.6276,0.6443,0.4631
R2003,0.3094,0.2305,0.1295,0.1586,0.0592
R2004,1.7326,1.5335,1.4452,1.4347,1.0385
R2006,0.6041,0.7184,0.6406,0.6326,0.4865
R2007,1.2852,1.398,1.5321,1.3092,1.0263
R2008,0.3252,0.3018,0.2286,0.2715,0.1175
R2009,0.8784,0.7648,0.8555,0.6698,0.7352
R2011,0.4109,0.5677,0.4328,0.4937,0.3936
R2012,1.0186,0.8855,0.6404,0.6279,0.4762
R2013,0.4114,0.4015,0.4622,0.2794,0.0849
R2015,0.9391,0.9832,0.9496,1.0941,0.6456
R2016,1.0221,0.9353,0.9327,0.9628,0.9049
R2019,1.2675,1.3758,1.4823,1.5607,1.2194
R2020,0.9331,0.7785,0.4405,0.5689,0.8048
R2021,1.048,0.9951,0.8005,0.583,0.7602
R2023,1.3875,1.5357,1.3274,1.1961,1.0271
R2024,1.4639,1.6062,1.5657,1.6253,1.0959
R2026,0.9909,1.0345,1.0077,1.1129,0.8736
R2028,0.8973,0.7324,0.4558,0.4434,0.5795
R2029,0.5896,0.7063,0.6437,0.682,0.3101
R2030,0.3241,0.335,0.3718,0.5968,0.5717
R2031,1.1151,1.0174,1.1475,1.1471,0.9225
R2032,0.7178,0.6536,0.5802,0.5759,0.4423
R2033,0.8075,0.82,0.7243,0.686,0.6239
R2034,1.1797,1.045,1.0238,0.7715,0.8171
R2035,0.9046,0.8174,0.7197,0.7286,0.4143
R2038,0.8833,0.7965,0.7829,0.5695,0.536
R2041,0.3027,0.3783,0.3784,0.4929,0.2978
R2042,0.9496,0.7186,0.6949,0.9737,0.6626
R2043,1.1494,1.1054,1.1285,1.1141,0.7472
R2044,0.7148,0.5705,0.3055,0.328,0.1968
R2047,0.9548,0.9315,0.6195,0.6924,0.5139
R2048,1.2293,1.1839,1.2479,1.2863,1.0018
R2050,0.8155,0.757,0.7336,0.8735,0.5086
R2052,0.1382,0.1809,0.2033,0.2043,0.0949
R2055,0.6868,0.6068,0.4652,0.6219,0.3103
R2057,0.5302,0.3605,0.3788,0.4255,0.1754
R2058,0.7055,0.5679,0.5362,0.4044,0.4722
R2059,1.5131,1.5095,1.4833,1.6809,1.168
R2063,0.2448,0.0882,0.0,0.0,0.0
R2064,0.6458,0.5345,0.3392,0.5709,0.8312
R2065,0.6985,0.608,0.4193,0.3062,0.1925
R2066,1.0725,1.0898,1.0853,0.9392,0.9939
R2067,0.7116,0.6652,0.5981,0.3516,0.379
R2068,0.6815,0.6272,0.4484,0.9172,0.4544
R2070,0.5778,0.5307,0.3804,0.3052,0.3156
R2071,0.5779,0.4115,0.455,0.3335,0.3695
R2072,0.6959,0.7533,0.5999,0.7331,0.2141
R2073,0.567,0.5516,0.4129,0.3623,0.3156
R2074,0.7789,0.7905,0.712,0.679,0.5672
R2077,1.2516,1.2974,1.0807,1.1113,1.0562
R2078,1.0342,0.9849,0.8008,0.8686,0.865
R2079,0.9297,1.0355,0.9981,1.2063,0.9685
R2081,0.2685,0.2778,0.2961,0.3795,0.1888
R2083,0.2699,0.2513,0.2789,0.3096,0.1542
R2084,0.0893,0.1099,0.1515,0.0772,0.0678
R2085,0.8961,0.8869,0.5789,0.6617,0.4728
R2088,1.1568,0.9597,0.7619,0.7258,0.6282
R2089,0.5466,0.3538,0.2333,0.5232,0.3784
R2090,0.9144,1.0069,0.9532,0.9226,0.7835
R2094,1.2221,1.1112,0.8643,0.7195,0.5931
R2095,0.8678,0.8072,0.7589,0.7725,0.5712
R2096,1.3841,1.374,1.2158,1.0803,0.4886
R2097,0.9164,0.9137,0.8526,0.9721,0.7315
R2099,1.0537,0.8696,0.6029,0.3361,0.6024
R2101,2.9589,2.7903,2.5398,2.6368,2.4982
R2102,1.8155,2.3638,2.5815,2.4872,2.7547
R2103,1.6679,1.3133,1.3011,1.1652,1.1865
R2105,1.4857,1.2643,0.9046,0.8488,1.009
R2106,0.4584,0.3311,0.3095,0.4982,0.4771
R2109,0.6122,0.4419,0.4081,0.6211,0.7265
R2110,2.5439,2.8923,3.0365,3.3272,3.523
R2111,1.6909,1.8494,2.125,1.8802,1.8612
R2113,1.9807,1.8276,1.4975,1.2675,1.3858
R2114,0.8652,0.9007,0.9343,1.0736,0.9023
R2117,2.1646,2.1098,2.1915,2.101,2.4511
R2119,2.5528,2.4739,2.3977,2.2388,2.0805
R2120,1.9435,1.7794,2.1634,2.191,2.408
R2121,1.0645,1.3751,1.1374,1.4525,1.6067
R2122,1.2671,1.4125,1.6184,1.815,1.9865
R2123,0.9342,0.7351,0.5417,1.1141,1.1249
R2125,1.9545,1.7271,2.0357,1.7312,1.9495
R2126,2.6468,2.5881,2.4946,2.3566,2.8306
R2127,3.1635,3.0863,2.8324,2.3829,2.1615
R2130,1.6659,1.6186,1.6918,1.3936,1.67
R2131,1.7382,1.7001,1.7796,1.353,1.2787
R2133,1.2902,0.9479,0.5969,0.5193,0.8244
R2134,1.7357,1.5815,1.6206,1.6544,1.5805
R2135,1.1255,1.5201,1.7826,1.7552,1.999
R2138,1.0027,0.7782,0.4936,0.74,0.8201
R2139,1.6373,1.357,1.3741,1.4751,1.2847
R2141,0.7195,0.5308,0.5571,0.4832,0.7316
R2144,3.043,2.8011,2.6629,2.867,2.1685
R2149,1.6205,1.129,1.0233,0.8123,0.8784
R2154,0.1167,0.0616,0.0399,0.0242,0.0626
R2155,1.4857,1.5551,1.8265,1.5082,1.5649
R2156,0.9827,0.7095,0.4257,0.2501,0.5683
R2157,1.5812,1.1659,0.8722,0.8949,1.0275
R2162,3.0548,3.0435,2.8741,2.7818,2.76
R2166,0.7842,0.8921,1.0128,0.638,0.9581
R2167,2.6182,2.6201,2.5874,2.6177,2.6593
R2168,1.3082,1.1992,1.1647,1.2565,1.0852
R2172,1.7767,1.8048,1.9664,2.313,2.3254
R2173,1.4867,1.2151,0.8367,0.591,0.7495
R2174,3.2802,2.9683,2.6378,2.6439,2.1199
R2175,2.5693,2.4812,2.5949,2.3138,2.3853
R2176,0.2032,0.0932,0.0826,0.0274,0.0114
R2177,2.1911,2.1097,1.6247,1.4294,1.2949
R2178,0.119,0.1218,0.1733,0.1007,0.1185
R2179,0.4656,0.5933,0.4944,0.3953,0.4238
R2180,1.949,1.7019,1.0829,1.1151,1.1954
R2181,1.4898,1.5105,1.7103,1.544,1.7563
R2182,2.4112,2.6915,2.3565,2.3146,2.3528
R2183,2.1525,1.7441,1.6976,1.5,1.8629
R2184,1.0041,1.1384,0.8375,1.0643,1.0711
R2185,1.0878,1.0214,1.0977,1.531,1.2536
R2186,2.3262,2.2356,2.2866,2.2806,2.111
R2187,2.5153,2.568,2.7248,2.869,2.6135
R2188,1.4712,1.4353,1.308,1.1865,1.0606
R2189,3.0502,3.1054,3.2775,2.9602,3.0645
R2190,0.9057,0.9006,0.8039,1.2002,1.6178
R2191,0.9702,0.868,0.9386,0.8621,0.5626
R2192,2.6282,2.877,2.9327,2.7839,2.859
R2193,2.3389,2.4676,2.1799,2.221,1.9573
R2194,0.1532,0.7205,0.249,0.2749,0.2417
R2195,0.1355,0.0998,0.0949,0.0251,0.0302
R2196,0.3751,0.256,0.2099,0.161,0.1697
R2197,3.1533,2.8681,3.2529,2.976,3.0062
R2198,2.3134,1.8422,1.3627,1.4131,0.6924
R2199,1.0937,1.048,0.793,0.9496,0.945
R2200,0.1962,0.121,0.172,0.1796,0.1911
R2201,2.4162,2.5835,2.1972,2.1161,2.0692
R2202,2.5732,2.6201,2.606,2.0099,1.7278
R2203,0.7176,0.5146,0.3497,0.5893,0.3188
R2204,2.6684,2.5955,2.5118,2.5981,2.4545
R2205,0.4895,0.5602,0.6261,0.6515,0.7402
R2206,0.699,0.5482,0.6171,0.6916,0.658
R2207,1.3893,1.3035,1.2389,1.5648,1.666
R2208,1.5765,1.3204,0.6511,0.4488,0.2397
R2209,1.609,1.7807,1.6183,1.7618,1.8439
R2210,0.2057,0.0987,0.0263,0.1024,0.0634
R2211,0.0,0.0051,0.0468,0.081,0.1671
R2212,1.0888,0.9373,0.7748,0.7477,0.7042
R2213,1.3247,1.155,1.0389,1.1613,0.9157
R2214,1.3387,1.2506,1.0059,1.1761,0.8299
R2215,0.0,0.0109,0.024,0.0143,0.0892
R2217,0.4483,0.5489,0.3803,0.4894,0.4583
R2218,0.2873,0.3782,0.3087,0.3775,0.2953
R2220,1.2447,1.0464,0.9466,1.0582,0.7624
R2221,1.1766,1.2049,1.3491,1.4011,1.0381
R2222,1.116,0.9494,0.8999,1.1724,0.6087
R2224,1.832,1.9008,2.2015,1.6684,1.4075
R2225,1.4822,1.0674,0.9731,0.6957,0.7595
R2226,1.2323,1.1688,1.0887,1.2022,1.0049
R2227,1.5709,1.8253,1.7184,1.5264,1.3738
R2228,1.2408,1.1569,1.2477,1.3447,0.9656
R2229,0.3151,0.1483,0.138,0.0614,0.2123
R2230,1.081,0.7022,0.653,0.6953,0.5443
R2231,0.2156,0.297,0.2284,0.0428,0.1552
R2232,0.1212,0.114,0.1286,0.1394,0.3175
R2233,1.0852,1.0489,0.8075,1.0455,0.7683
R2234,1.3014,1.322,1.3215,1.4215,1.0255
R2235,0.7065,0.5867,0.3415,0.2601,0.157
R2236,0.8355,1.1095,0.7337,0.8491,0.639
R2237,0.342,0.4378,0.2302,0.3167,0.139
R2238,0.0251,0.0685,0.0607,0.0708,0.1304
R2239,0.0,0.0005,0.0431,0.0,0.0573
R2240,0.4023,0.4523,0.3037,0.2027,0.1038
R2241,0.6066,0.6434,0.4624,0.4754,0.542
R2242,1.1183,1.1365,1.0695,1.0221,1.0292
R2243,1.1579,1.3726,1.1694,1.4424,0.9657
R2244,1.203,0.9839,0.8318,0.7854,1.0077
R2247,1.5911,1.6509,1.5767,1.7701,1.2027
R2250,0.0504,0.0064,0.0192,0.0184,0.0392
R2251,1.3185,1.3834,1.3388,1.427,0.9903
R2252,1.0719,1.1671,1.1607,0.9929,0.8634
R2253,1.6075,1.59,1.5685,1.7617,1.1118
R2254,1.2887,1.0643,0.8636,0.884,1.0215
R2257,0.2815,0.3512,0.1855,0.2344,0.4015
R2259,0.3149,0.3464,0.2037,0.069,0.2224
R2260,1.2002,1.1248,1.0989,1.1255,0.9779
R2263,0.5572,0.6498,0.5041,0.5722,0.4979
R2265,1.0923,0.9151,0.9039,1.0854,1.086
R2266,0.9063,0.5657,0.6556,0.6744,0.4919
R2267,0.4133,0.4965,0.3282,0.4174,0.6992
R2269,1.403,1.3896,1.5273,1.3584,1.0438
R2270,0.4279,0.5461,0.4049,0.4107,0.6435
R2271,1.018,1.0597,1.1101,1.1852,0.764
R2272,0.8099,0.678,0.6422,0.623,0.338
R2273,0.4964,0.523,0.4149,0.3128,0.1859
R2275,1.1862,0.9938,1.0583,0.9674,0.8572
R2278,2.4531,2.283,2.1877,2.2292,2.0849
R2279,2.2087,2.0973,1.8847,2.1339,1.9759
R2280,2.0495,2.0156,1.6276,1.9068,1.7948
R2281,2.1113,2.2057,2.1094,2.3209,2.2374
R2282,1.3877,0.8871,1.1527,1.3106,1.3482
R2283,1.2827,1.0737,1.1062,0.7848,0.8684
R2284,0.7844,0.865,0.6293,0.4692,0.5033
R2285,0.4225,0.3682,0.1707,0.3146,0.2865
R2286,3.3165,3.7071,3.9703,3.743,3.7699
R2287,0.8722,0.8806,0.8472,0.8682,0.7179
R2288,0.067,0.0,0.1138,0.1337,0.2237
R2289,0.7931,0.8316,0.7875,0.9644,1.0478
R2290,0.3611,0.4209,0.3941,0.3409,0.2016
R2291,2.195,2.2933,2.3781,2.1929,2.0955
R2292,1.0247,0.7849,0.7665,0.6729,0.4539
R2293,0.6682,0.6299,0.5865,0.1988,0.3349
R2294,0.9237,0.5337,0.5065,0.3676,0.5087
R2295,1.3235,1.0194,1.1762,0.9689,1.1614
R2296,0.8898,0.9932,0.9398,0.9565,0.7725
R2297,0.712,0.7268,0.8003,0.8054,0.6632
R2298,0.2159,0.2054,0.4246,0.4965,0.614
R2299,0.1862,0.1346,0.0748,0.0179,0.2044
R2300,0.3956,0.4843,0.3868,0.3864,0.3649
R2301,2.0515,2.2,2.3923,2.1803,2.3335
R2302,1.4635,1.3107,1.0872,1.168,1.364
R2303,0.5814,0.5425,0.5866,0.6769,0.6668
R2304,0.6126,0.7678,0.4265,0.5918,0.3323
R2305,2.7986,3.1416,3.5274,3.5543,3.4873
R2306,2.5962,2.9777,3.3949,3.1216,3.3058
R2307,1.3606,1.5622,1.8792,1.6228,1.5639
R2308,0.1674,0.0622,0.0,0.0273,0.0
R2309,0.053,0.1636,0.0781,0.1587,0.1565
R2310,0.8838,0.6481,0.4744,0.5795,0.6548
R2311,1.754,2.0113,2.0846,2.1618,1.7852
R2312,1.1797,0.6783,0.5491,0.3252,0.4522
R2313,1.4632,1.0425,1.2992,1.0854,1.07
R2314,0.7849,0.534,0.4794,0.4722,0.3815
R2315,0.6374,0.6233,0.5162,0.3881,0.6019
R2316,0.1254,0.1051,0.0229,0.0918,0.1028
R2317,0.77,0.7353,0.7904,0.9693,0.7506
R2318,0.9806,0.6377,0.5352,0.3597,0.4237
R2319,1.0587,0.9094,0.6883,0.3815,0.3717
R2320,0.5955,0.59,0.3515,0.3113,0.4339
R2321,2.7659,3.0037,3.4371,3.5882,3.4314
R2322,2.2081,1.7331,1.7482,1.2753,1.4965
R2323,0.9188,0.8497,0.7386,0.483,0.6283
R2324,2.4975,2.8899,3.1581,2.9858,2.6831
R2325,0.8451,0.8357,0.9653,1.1992,1.2525
R2326,1.4041,1.4434,1.6167,1.5188,1.6616
R2327,0.2936,0.4397,0.3797,0.4855,0.3828
R2328,0.3158,0.3478,0.504,0.5499,0.707
R2329,1.681,1.6628,1.7467,1.2942,1.2502
R2330,0.9573,0.7669,1.0105,0.93,0.9048
R2331,1.5901,1.7866,1.6474,1.7762,1.7421
R2332,2.0621,1.8615,1.9698,1.6604,1.7584
R2333,0.0,0.0085,0.0931,0.0202,0.2411
R2334,0.1852,0.2258,0.1693,0.3098,0.3232
R2335,1.2308,1.1128,1.6184,1.2936,1.2807
R2336,1.0232,0.9856,1.467,1.1906,1.2228
R2337,0.8153,1.0319,1.0068,0.9618,0.8804
R2338,0.0943,0.1855,0.2511,0.3182,0.3779
R2339,1.7261,1.6236,1.7257,1.4123,1.3337
R2340,0.7028,0.716,0.8169,0.7375,0.814
R2341,2.1113,2.2636,2.0982,1.8466,1.1869
R2342,0.5331,0.4189,0.6379,0.5468,0.5416
R2343,0.942,0.7022,0.78,0.7626,0.5913
R2344,1.7244,1.5863,1.9904,1.5212,1.7595
R2345,1.7886,1.738,1.6638,1.2424,1.3012
R2346,0.733,0.6951,0.7449,0.817,0.7426
R2347,0.2494,0.4438,0.4978,0.6561,0.5707
R2348,0.3442,0.2694,0.4058,0.4076,0.2356
R2349,1.7283,1.6449,1.6595,1.2997,1.3172
R2350,1.0964,1.029,1.2535,1.0503,0.9781
R2351,1.769,1.5843,1.9489,1.678,1.4427
R2352,1.4734,1.3835,1.4489,1.1004,1.0072
R2353,0.4206,0.4704,0.572,0.4275,0.211
R2354,1.5772,1.1404,1.7078,1.5087,1.3429
R2355,1.6043,1.3929,1.5658,1.1425,1.1863
R2356,0.8197,0.8317,0.7975,0.735,0.7305
R2357,1.0167,0.9663,1.2526,1.0348,1.036
R2358,1.2019,1.0259,1.4755,1.1189,1.0039
R2359,1.7251,1.7632,1.9576,1.6199,1.6636
R2360,1.3903,1.2772,1.3589,1.1842,1.2234
R2361,1.7364,1.6922,1.647,1.3352,1.4143
R2362,1.4533,1.2034,1.5211,1.1893,1.0423
R2363,1.615,1.5363,1.6196,1.5319,1.3098
R2364,0.9852,1.0486,1.2999,1.0775,1.0717
R2365,0.9793,0.8369,1.1252,1.1652,1.0413
R2366,0.7655,0.9135,0.9139,0.7505,0.8425
R2367,0.7749,0.6825,0.845,0.7802,0.7705
R2368,1.2284,1.4218,1.2826,0.7957,0.8685
R2369,0.471,0.5357,0.3434,0.4577,0.4759
R2370,1.2402,1.0515,1.3864,1.2839,1.0823
R2371,1.2061,1.1255,1.3891,1.263,1.159
R2372,0.2748,0.2859,0.2946,0.3725,0.4031
R2373,0.0637,0.1639,0.1597,0.1843,0.2935
R2374,1.3424,1.3895,1.1955,1.2241,0.901
R2375,1.4452,1.3514,1.6004,1.2642,1.1841
R2376,0.5973,0.7661,0.7494,0.7536,0.7015
R2377,0.415,0.2819,0.202,0.2118,0.1717
R2378,0.1014,0.2794,0.2384,0.4133,0.4964
R2379,2.3539,2.0474,2.0078,1.9947,1.691
R2380,1.1925,1.3194,1.4506,1.5074,1.3578
R2381,0.7446,0.9282,0.9182,0.8869,1.46
R2382,1.0449,0.9682,1.0337,1.0606,0.8677
R2383,0.3982,0.4488,0.6781,0.3585,0.4387
R2384,1.2453,1.0908,1.2139,1.0231,1.1419
R2385,0.8711,0.8976,0.8672,0.8851,0.8378
R2386,0.3156,0.4251,0.6589,0.6579,0.8578
R2387,1.3898,1.3359,1.355,1.1675,0.9445
R2388,1.4646,1.244,1.7894,1.589,1.1649
R2389,1.4667,1.2366,1.7869,1.5631,1.2871
R2390,1.6543,1.6563,1.5293,1.7857,1.3532
R2391,0.3606,0.4366,0.3043,0.245,0.3399
R2392,0.8479,0.8211,0.7844,1.1387,0.7787
R2393,1.4866,1.7247,1.4136,1.3903,1.0155
R2394,0.2127,0.257,0.4053,0.3681,0.1715
R2396,0.1139,0.1353,0.1709,0.1627,0.1791
R2398,1.1251,0.9903,0.8599,0.4778,0.4495
R2400,1.1141,0.925,0.7321,0.6923,0.7871
R2404,0.9243,0.9001,0.5634,0.6824,0.6646
R2409,0.9367,0.8882,0.8661,1.0578,0.9173
R2411,0.0087,0.105,0.3075,0.2519,0.2425
R2412,1.1922,1.0049,0.8318,0.4878,0.4322
R2415,1.0377,0.7899,0.6352,0.4142,0.4109
R2424,1.6403,1.4138,1.1573,1.0852,1.1091
R2425,1.3538,1.159,0.9101,0.6278,0.5111
R2427,3.3238,3.0667,2.9743,2.4617,2.7595
R2432,0.0,0.059,0.1542,0.172,0.1931
R2440,0.5574,0.5353,0.3918,0.2655,0.4461
R2443,0.0211,0.0288,0.0166,0.013,0.0216
R2448,1.4194,1.3318,0.9939,0.4115,0.5701
R2452,0.4245,0.3941,0.4223,0.4185,0.3604
R2455,1.1566,1.1195,0.9502,0.7766,0.9507
R2458,1.3248,1.2592,1.0054,0.873,0.8247
R2459,1.167,0.8085,0.7166,0.4745,0.5363
R2466,1.154,1.1124,0.9431,0.7844,0.9663
R2469,0.9748,0.6283,0.7968,0.3864,0.6499
R2471,1.2377,1.1165,0.8464,0.7103,0.7985
R2478,0.1301,0.2648,0.4991,0.4657,0.4778
R2480,0.9828,0.9679,0.6759,0.7105,0.6757
R2482,1.1488,0.9284,0.7934,0.4462,0.4033
R2483,1.1408,0.9243,0.7177,0.4436,0.4694
R2484,0.9296,0.8855,0.5534,0.5934,0.6352
R2487,0.9514,0.6786,0.6257,0.4334,0.2959
R2490,1.7596,1.7269,1.7039,1.8839,1.7928
R2491,3.4064,3.4437,3.4062,3.3385,3.2894
R2492,0.778,0.8546,0.9732,0.9607,1.204
R2493,1.9033,1.9277,1.7021,1.7197,1.648
R2494,1.8829,1.7152,1.8126,1.4142,1.6506
R2495,3.3364,3.3093,3.1687,3.0558,3.0628
R2496,1.9707,2.1954,2.2764,2.1345,1.7948
R2497,0.8778,0.8413,0.961,1.0992,1.2016
R2498,3.3708,3.4007,3.2926,3.267,2.927
R2499,2.7004,2.53,2.6274,2.5829,2.4151
R2500,1.0278,0.9318,0.8426,0.6647,0.4692
R2501,1.9699,1.8604,1.9914,1.567,1.5855
R2502,2.1713,2.3887,2.376,2.0503,1.8846
R2503,2.4783,2.0426,1.9935,1.9506,2.2456
R2504,2.6043,2.5296,2.9167,2.4598,2.4697
R2505,2.7206,2.6909,3.0606,2.6241,2.4014
R2506,3.2428,3.0941,2.9931,2.8117,2.2919
R2507,2.5287,2.4965,2.6715,2.791,2.6119
R2508,0.6836,0.5484,0.5865,0.3776,0.3984
R2509,1.3494,1.2958,1.4661,1.176,0.9696
R2510,1.3093,1.4161,1.8342,1.8938,1.9071
R2511,3.3248,3.2102,3.0005,2.8578,2.6548
R2512,3.609,3.6867,3.737,3.4622,3.4204
R2513,2.7744,2.8675,2.7447,2.809,2.6386
R2514,2.6801,1.9244,2.3301,2.5337,2.1518
R2515,1.7928,1.5679,1.5691,1.5705,1.5486
R2516,1.8185,1.4294,1.5483,1.4133,1.3491
R2517,2.411,2.1229,1.9463,1.6273,1.3027
R2518,1.9133,1.937,1.8429,1.7638,1.8393
R2519,1.5022,1.2965,1.1223,1.1929,0.8707
R2520,2.2826,2.0902,1.9446,2.3754,2.1739
R2521,1.1983,1.1156,0.7803,0.4811,0.3957
R2522,1.9642,2.2787,2.0771,2.3607,2.4101
R2523,0.4523,0.3434,0.2933,0.1864,0.2139
R2524,3.9109,4.0005,3.9185,3.7625,3.285
R2525,0.3601,0.4874,0.5064,0.5414,0.6093
R2526,2.58,2.1589,1.8411,1.4977,1.0178
R2527,3.1307,3.1229,2.708,2.5393,2.2948
R2528,1.1994,0.9027,0.9426,0.9452,0.9573
R2529,3.5282,3.7239,3.5488,3.2206,3.4007
R2530,2.7573,2.2968,2.4507,2.5304,2.4335
R2531,3.1803,2.9331,2.5398,2.4009,2.3842
R2532,2.4939,2.7396,2.5071,2.4071,2.7657
R2533,3.0883,3.2212,2.8243,2.2314,2.2413
R2534,2.612,2.399,2.3196,1.9835,1.9577
R2535,1.1867,1.1322,1.1072,0.8715,0.6777
R2536,1.6154,1.6943,1.333,1.5482,1.7687
R2537,2.5214,2.1625,2.2321,2.2999,2.044
R2539,2.6962,2.7087,2.7443,2.5198,2.7296
R2540,1.5125,1.4214,1.4382,1.8822,2.366
R2541,2.8351,2.7897,2.6051,2.4416,2.0652
R2542,1.2345,1.2018,1.3236,1.5967,1.5377
R2543,3.2226,3.4834,3.4679,3.0171,3.0566
R2544,3.1026,3.2409,3.2681,3.2752,2.9794
R2545,3.3262,3.3767,3.2875,3.1827,3.2064
R2546,2.902,2.9302,2.7777,2.4009,2.5306
R2547,2.7833,2.6544,2.7611,2.9603,2.8001
R2548,3.2129,3.1616,3.1239,3.1324,2.9144
R2549,1.9082,2.3659,2.1023,1.9277,2.6828
R2551,2.2454,2.5285,2.4546,2.1913,2.2018
R2552,3.4243,3.4411,3.212,2.9237,2.7938
R2553,2.1146,1.9841,2.1083,1.8689,1.7962
R2554,3.3993,3.4007,3.0723,2.8328,3.0528
R2555,0.7293,0.5626,0.9047,0.9087,0.8554
R2556,2.3805,2.1013,2.0078,2.113,1.8942
R2557,2.6468,2.5777,2.5932,2.6095,2.6109
R2558,2.4089,2.2152,2.4756,2.4492,2.2202
R2559,2.9985,2.8157,2.6007,2.4313,2.1807
R2560,2.3155,2.4704,2.5267,2.2142,2.0408
R2561,2.378,2.4904,2.6927,2.8044,2.5772
R2562,2.7641,2.3686,2.258,1.84,1.7863
R2563,1.3317,1.5005,1.6583,1.7466,1.9372
R2564,1.2516,1.048,0.8799,0.8261,0.8632
R2565,1.973,1.614,1.5823,1.8211,1.4674
R2566,3.5795,3.33,3.4967,2.8941,2.8456
R2567,1.4096,1.329,1.4694,1.394,1.3476
R2568,1.613,1.6181,1.4554,1.2724,1.3319
R2569,0.9459,0.8869,0.7636,0.4281,0.4452
R2570,2.0212,1.7478,1.7532,2.0172,1.8591
R2571,2.8334,2.9236,3.0445,2.9769,2.8705
R2572,2.784,2.6622,2.6382,2.225,2.3893
R2573,0.4923,0.3807,0.2808,0.045,0.1667
R2574,2.6206,2.0936,2.0503,1.9399,2.3555
R2575,2.1139,2.0487,1.4369,1.6176,1.2712
R2576,3.039,2.7649,2.9236,2.6488,2.5416
R2577,1.8016,1.9733,2.0907,2.2886,2.35
R2578,1.5902,1.4605,1.5466,1.6215,1.1753
R2579,2.5887,2.2828,2.3719,2.2397,2.5917
R2581,1.8244,1.4094,1.5296,1.5472,1.5487
R2582,0.6058,0.5423,0.3984,0.4307,0.538
R2583,1.8621,1.3235,1.1416,1.0797,0.8814
R2584,3.451,3.508,3.5032,3.089,3.1788
R2585,1.9814,1.819,1.8732,1.9204,1.7425
R2586,1.7691,1.6067,1.505,1.6074,1.4584
R2587,3.2502,3.2922,3.0254,3.0995,2.8391
R2588,1.6691,1.6262,1.6474,1.9805,2.0531
R2589,0.8267,0.6695,0.4472,0.3687,0.1493
R2590,1.2474,0.8571,0.6494,0.4865,0.3758
R2591,0.9413,0.6723,0.7935,0.5118,0.4599
R2592,2.513,2.296,2.0588,2.3657,2.0207
R2593,2.0969,1.8505,2.0547,1.6061,1.7312
R2594,1.9322,2.2591,2.0994,1.7464,1.9045
R2595,2.8392,1.8226,1.723,2.3624,2.4212
R2596,2.0143,1.7458,1.2798,0.9411,0.7049
R2597,3.3341,3.1114,3.3142,3.0267,3.1802
R2598,1.8899,1.7709,1.6654,1.6815,1.7323
R2599,3.208,2.9131,2.846,2.6632,2.5718
R2600,2.1697,2.0512,1.887,1.9032,1.9289
R2601,1.2741,1.0198,0.9922,0.8567,0.8052
R2602,1.0752,1.1706,1.0063,1.1607,1.3047
R2603,1.4226,1.0253,1.3219,1.4157,1.0209
R2604,2.3463,2.4262,2.2411,2.0451,1.876
R2605,2.5505,2.4492,2.267,2.0769,1.736
R2606,2.6039,2.1875,2.1225,2.5461,2.4054
R2607,2.4179,1.8216,2.1796,2.3382,2.2475
R2608,1.3542,0.9505,1.0824,0.6842,1.2659
R2609,1.1319,1.2524,1.1908,0.8071,0.9278
R2611,2.6163,2.6217,2.5855,2.4324,2.2767
R2612,0.3471,0.4443,0.326,0.1318,0.0309
R2613,2.6076,2.5203,2.3638,2.1921,2.0438
R2614,1.0547,0.9175,1.1073,1.0342,0.9034
R2615,2.0717,1.4449,1.484,1.5381,1.4531
R2616,2.4012,1.9875,1.9354,1.5795,1.5271
R2617,2.1653,2.2675,2.1854,2.0585,2.0396
R2618,2.022,1.8183,1.37,1.1021,1.2382
R2619,2.3073,2.767,2.3898,2.418,2.4556
R2620,2.394,1.9202,1.6993,1.9018,1.2911
R2621,2.1811,1.769,1.9072,2.1012,2.3196
R2622,2.3673,2.0528,2.0033,2.1376,1.8359
R2623,2.1006,1.9388,2.2599,1.8657,2.3785
R2624,3.0297,2.9563,3.0534,2.7894,2.6932
R2625,2.483,2.5332,2.9429,2.6151,2.8652
R2626,1.8854,2.2092,2.2687,1.6362,1.7896
R2627,1.7024,1.4819,1.6832,1.4983,1.5774
R2628,1.3742,1.3593,1.7963,1.4384,1.8367
R2629,2.6801,2.4374,2.9066,2.6781,2.5531
R2630,2.2172,1.9011,1.914,1.9674,2.1796
R2631,2.8924,2.7982,3.062,2.7877,2.8716
R2632,0.5768,0.3688,0.4306,0.2202,0.2333
R2633,2.9963,2.8806,2.6162,2.393,2.4257
R2634,2.8779,2.7182,2.7124,1.9285,2.0015
R2635,0.375,0.4664,0.7972,0.8171,0.6928
R2636,2.7312,2.6302,2.3397,2.4622,2.002
R2637,3.1429,3.3013,2.9601,2.0955,2.3579
R2638,1.5991,1.3406,1.4341,1.7308,1.6233
R2639,2.8388,2.5119,2.8192,2.4443,2.6513
R2640,3.2323,3.3821,3.1856,2.9221,2.7893
R2641,3.2043,3.2921,3.2037,2.7629,2.8045
R2642,2.7122,2.5906,2.3255,2.0258,2.1358
R2643,3.2284,3.042,2.8444,2.5954,2.6368
R2644,2.104,1.8022,1.806,1.7356,1.8194
R2645,1.7844,1.4205,1.6345,1.7419,1.871
R2646,1.5523,1.3392,1.3177,1.0903,1.0175
R2647,0.404,0.3237,0.2491,0.5347,0.4225
R2648,1.8896,1.8484,1.8934,1.5235,1.7879
R2649,2.3918,2.2492,2.7161,2.6302,2.7982
R2650,0.9152,0.79,0.999,1.1487,1.0449
R2651,2.193,2.1093,2.4387,2.193,1.9128
R2652,2.7038,2.5389,2.481,2.6652,2.6119
R2653,2.5365,2.4317,2.3356,2.4846,2.2352
R2654,2.9546,2.5108,2.5324,2.6681,2.6204
R2655,2.3934,2.5219,2.5614,2.2115,2.1657
R2656,2.0517,2.0078,1.6751,1.7281,1.8615
R2657,3.0908,3.1529,3.0296,2.7078,2.5592
R2658,2.3026,1.9879,1.945,1.9754,2.0559
R2659,1.8682,1.7381,1.6611,1.4696,1.2896
R2660,2.7551,2.4653,2.5678,2.6496,2.117
R2661,0.283,0.2839,0.2724,0.4354,0.4374
R2662,2.3551,2.2394,1.8395,1.8043,1.9906
R2663,0.3221,0.1441,0.1709,0.1813,0.1745
R2664,2.0636,1.6598,1.6817,1.5435,1.5575
R2666,1.7902,1.4314,1.3002,1.2478,0.9302
R2667,1.8169,2.2802,2.1235,1.5914,1.6732
R2668,3.1229,2.8738,2.6809,2.8756,2.3745
R2669,2.96,2.9608,2.8831,2.7258,2.4495
R2670,0.2157,0.2292,0.3241,0.2861,0.236
R2671,1.4162,1.0986,0.9908,1.0511,1.1317
R2672,0.4267,0.2311,0.303,0.0767,0.0
R2673,2.6505,1.9934,2.2604,1.8188,1.7253
R2674,3.0823,3.1924,3.1117,2.726,2.5275
R2675,2.4966,2.2638,2.3279,2.3202,1.9376
R2676,1.445,1.5306,1.7777,1.3897,1.3019
R2677,3.8681,4.0713,3.7726,3.1489,3.2512
R2678,2.4272,2.4983,2.3184,2.022,2.3188
R2679,2.1701,1.9351,1.8423,1.3794,1.0366
R2680,2.1033,2.0822,1.5391,1.8613,2.1168
R2681,2.9345,2.9886,2.591,2.4358,1.9541
R2682,1.4395,1.6204,1.5717,1.4031,1.4874
R2684,2.5644,2.8363,2.3864,2.5449,1.9286
R2685,1.478,1.154,1.5505,1.4142,1.21
R2686,3.5886,3.5176,3.2014,2.7321,2.6119
R2687,2.1603,2.049,1.5997,1.9299,1.5667
R2688,1.0174,1.0954,1.059,1.2881,1.2377
R2689,1.3066,1.1955,1.074,1.0609,0.9505
R2690,1.8049,1.5874,1.6229,1.3563,1.2068
R2693,0.9543,0.866,1.0537,1.0067,0.9156
R2694,1.9655,2.1643,2.1955,2.1684,2.0958
R2695,1.8629,1.5468,1.4175,1.4884,1.1346
R2696,1.6365,1.8512,1.8842,1.8725,1.9525
R2697,2.3683,2.0331,1.9126,1.9005,1.7748
R2698,2.6663,2.0367,2.1546,1.7844,1.5667
R2699,0.0512,0.022,0.0693,0.0295,0.011
R2700,3.0892,3.1999,3.1213,2.4652,2.5771
R2701,1.1604,0.8905,0.77,0.8683,1.2645
R2702,2.3087,2.1908,2.2586,2.1612,2.4003
R2703,0.8464,0.6548,0.8731,0.9667,0.7584
R2704,1.642,1.6295,1.6194,1.6214,1.6965
R2705,1.5595,1.1901,1.2972,1.5505,1.3426
R2706,2.2677,1.9112,2.1528,1.9181,2.0179
R2707,3.1369,3.2514,3.1307,2.7922,2.7373
R2708,2.8989,2.7118,2.8157,2.9145,2.9989
R2709,2.5105,2.2823,2.3096,1.938,2.1336
R2710,2.819,2.4687,2.1666,2.038,1.8516
R2711,3.1025,3.1856,3.3537,3.3918,3.263
R2712,2.3141,2.636,2.5442,2.8371,2.8415
R2713,1.4664,1.4335,1.755,1.7764,1.5547
R2714,0.4204,0.2916,0.2168,0.1822,0.2594
R2715,3.3284,3.0291,2.7565,2.5463,2.6795
R2716,2.4532,2.3141,2.6534,2.1065,2.0172
R2717,1.0317,0.7462,0.7389,0.6034,0.4037
R2718,0.4298,0.2225,0.1762,0.1058,0.1137
R2719,0.4246,0.421,0.4282,0.5818,0.5266
R2720,2.9025,2.4121,2.1981,2.1257,1.788
R2721,2.2429,1.9145,1.9511,1.7972,1.7531
R2722,1.8593,2.1211,2.4867,2.3087,2.4151
R2723,1.5087,1.8489,1.635,1.5988,1.6207
R2724,0.925,0.9719,0.6085,0.5293,0.5589
R2725,0.6011,0.5429,0.5484,0.4078,0.44
R2726,1.2501,1.1904,1.1226,1.1852,0.9241
R2727,2.3091,2.5029,2.6564,2.5352,1.9048
R2728,0.8776,0.7435,0.6286,0.4729,0.3781
R2729,1.7873,1.4678,1.6801,1.7093,1.8933
R2730,1.1539,0.9763,1.2924,1.3135,1.202
R2731,2.6602,1.9857,2.219,2.6087,2.6849
R2732,1.8612,1.5234,1.5865,1.5771,1.5582
R2733,1.8653,1.9303,1.8834,1.4524,1.6777
R2734,2.8206,3.0556,3.4969,3.3357,3.156
R2735,2.2873,2.2885,2.5449,2.0754,1.8002
R2736,2.7799,2.5356,2.3773,2.0834,2.3003
R2737,3.3509,3.5104,3.2512,3.1094,2.7118
R2739,1.4887,1.2282,1.0186,0.7684,0.5239
R2740,3.316,3.2852,3.1866,2.861,3.1002
R2741,2.6565,2.5328,2.47,2.1023,1.7825
R2742,1.5174,1.3243,1.3671,1.4145,1.4215
R2743,2.4479,2.3794,2.6657,2.3298,2.4524
R2744,2.2459,2.4279,2.1577,2.3438,2.1819
R2745,2.1723,2.3288,2.3383,2.276,2.2689
R2746,2.0484,1.904,2.066,1.6766,1.3127
R2747,1.2925,1.4918,1.5115,1.0415,1.0824
R2748,2.6864,2.829,2.5718,2.3415,2.3002
R2749,2.0542,2.1831,2.0637,2.0719,1.736
R2750,2.7487,2.9122,2.8694,2.931,2.9491
R2751,2.5474,2.7549,2.672,2.8477,2.5887
R2752,2.2028,2.2242,1.9199,1.6568,1.9811
R2753,2.6878,2.8288,2.8848,2.9172,3.1188
R2754,3.3991,3.5961,3.511,3.5138,3.2718
R2755,2.5262,2.5346,2.556,2.5197,2.5226
R2756,1.314,1.5382,1.3682,1.2651,1.6854
R2757,0.9528,0.917,1.2168,1.1477,1.1943
R2758,1.7238,1.8098,1.4127,1.2519,1.5394
R2759,2.8622,2.8292,2.7674,2.5336,2.3165
R2760,2.4434,2.0949,2.1488,1.9111,1.6187
R2761,2.0042,1.8574,1.9541,1.9103,1.8077
R2762,2.8196,2.8024,2.8759,2.6944,2.8916
R2763,3.2449,3.3156,3.296,3.2507,3.043
R2764,2.5121,2.6304,2.4709,2.2795,2.1824
R2765,2.7953,2.6336,2.3947,2.584,2.7819
R2766,2.5098,2.4612,2.5485,2.1698,2.1415
R2767,2.893,3.0615,2.6671,2.6696,2.4665
R2768,1.1668,1.2878,0.9955,1.3471,1.1765
R2769,2.5276,2.3807,2.4084,2.5889,2.1298
R2770,2.0467,1.723,1.5097,1.5703,1.601
R2771,2.5579,2.4578,2.2594,1.9289,1.9016
R2772,2.5184,2.1871,2.1137,2.2375,1.8268
R2773,0.8308,1.0945,1.1815,1.1418,1.1507
R2774,0.5161,0.6648,0.7193,0.8902,0.8394
R2775,0.6297,0.5953,0.4957,0.4319,0.3996
R2776,0.7818,0.926,0.8391,0.8938,0.8322
R2777,0.3173,0.5735,0.642,0.4916,0.877
R2778,0.715,0.5584,0.5872,0.7298,0.8229
R2779,0.6686,0.899,0.9244,0.9758,1.2264
R2780,0.5541,0.6022,0.484,0.3629,0.6325
R2781,0.1834,0.3438,0.6064,0.6861,0.9336
R2782,0.6015,0.5974,0.5166,0.6476,0.8399
R2783,0.5764,0.8077,0.778,0.7671,0.8523
R2784,0.7785,0.882,0.8167,0.7871,0.7835
R2785,1.7868,2.1252,2.3027,2.4959,1.9557
R2786,0.8643,1.1693,1.0667,1.0848,1.0707
R2789,0.9696,0.843,0.7091,0.5166,0.4198
R2790,1.6014,1.4489,1.209,0.9996,0.982
R2792,1.8499,1.3529,1.3201,1.1404,1.197
R2793,2.0924,2.163,1.8043,1.6666,1.2182
R2796,1.0244,0.867,0.6497,0.6248,0.5131
R2798,1.1741,1.0833,0.9312,0.731,0.7301
R2799,1.0011,0.8828,0.7216,0.6015,0.4583
R2800,1.3482,1.0221,0.8826,0.6221,0.6105
R2801,1.9945,2.2147,2.1039,1.8072,1.4425
R2802,1.4095,1.1662,0.8656,0.7136,0.7026
R2803,0.8357,0.9258,0.8463,0.7631,0.8143
R2804,0.6583,0.5182,0.4806,0.3926,0.2008
R2805,0.5412,0.5102,0.4186,0.3681,0.5593
R2806,1.6077,1.2535,0.957,0.8118,0.8609
R2807,0.9194,0.8572,0.5574,0.3873,0.4883
R2809,0.9531,0.8809,0.7286,0.716,0.4558
R2810,1.859,1.8031,1.7002,1.3819,1.1442
R2811,2.1145,2.3381,2.1453,1.7541,1.4484
R2812,1.4684,1.2132,0.9716,0.8106,0.7898
R2813,0.9309,0.8788,0.5586,0.3845,0.5164
R2814,0.9812,0.9085,0.5873,0.5635,0.6491
R2815,1.5221,1.9898,1.7355,1.5565,1.0432
R2816,1.7869,2.0136,1.5901,1.3409,1.0885
R2817,0.6988,0.5106,0.4784,0.434,0.1499
R2819,1.8124,2.0091,1.7176,1.5871,1.3438
R2821,1.2447,1.079,0.9277,0.8028,0.5513
R2822,0.5564,0.5442,0.2927,0.2477,0.3071
R2823,2.0165,1.9166,1.693,1.385,1.114
R2825,1.7808,1.9874,1.9646,1.7678,1.4319
R2826,0.6308,0.5712,0.5725,0.6735,0.6355
R2827,1.6081,1.2335,1.136,1.1161,1.0606
R2828,0.9931,0.7298,0.5446,0.6839,0.4972
R2829,0.5221,0.386,0.2024,0.0547,0.2933
R2830,1.0099,0.8129,0.676,0.6416,0.4008
R2833,0.3414,0.4133,0.2244,0.0688,0.3111
R2834,0.9242,0.6486,0.5572,0.3233,0.6411
R2835,1.502,1.2582,1.0692,1.1495,1.126
R2836,1.049,0.7195,0.5623,0.6926,0.4356
R2837,0.8355,0.6238,0.4303,0.5376,0.5423
R2838,1.3662,1.1341,0.9482,0.651,0.6915
R2840,1.9337,2.3225,2.0702,2.0203,1.4176
R2841,1.2093,0.8624,0.6381,0.5581,0.673
R2842,1.7963,1.7977,1.7151,1.4598,1.2738
R2843,0.4802,0.142,0.181,0.1334,0.0573
R2844,0.9731,0.8872,0.7799,0.5455,0.6912
R2845,0.9611,0.829,0.6476,0.5735,0.5657
R2846,0.9598,0.8286,0.5254,0.4931,0.2967
R2848,0.4938,0.3521,0.1702,0.1154,0.1919
R2850,0.7469,0.6458,0.4103,0.2659,0.6621
R2851,1.4505,1.2491,0.9974,1.1254,0.8631
R2852,1.636,1.5169,1.2863,1.3003,1.2418
R2853,1.5685,1.8079,1.4222,1.3539,1.0598
R2854,0.7293,0.5288,0.4373,0.4819,0.142
R2855,1.3616,1.0523,0.7864,0.6198,0.6326
R2856,2.1185,2.2397,2.0153,2.0427,1.2946
R2857,1.3981,1.279,1.0693,0.9582,0.9116
R2858,1.1037,0.7393,0.5068,0.4421,0.2597
R2859,2.3131,2.4337,1.8187,1.6546,1.1886
R2860,1.3169,1.1099,1.0251,0.8378,0.6842
R2861,1.3889,1.7475,1.6977,1.323,0.9661
R2862,0.9298,0.6518,0.5569,0.3324,0.6459
R2863,1.0111,0.9396,0.8282,0.7621,0.4746
R2872,1.9766,2.0367,1.7646,1.5657,1.0281
R2873,0.3082,0.3652,0.1726,0.0779,0.329
R2874,0.8552,1.0227,1.0985,1.0402,0.5726
R2875,1.3916,1.2859,1.1514,0.7041,0.6293
R2876,2.3399,2.3199,2.1002,2.023,1.657
R2878,1.146,0.9273,0.6893,0.7208,0.9728
R2879,1.4227,1.2213,0.7819,0.6402,0.9722
R2881,0.429,0.4043,0.3147,0.2077,0.172
R2882,1.6572,2.1181,1.8661,1.6729,0.7687
R2883,1.0508,0.8699,0.6518,0.625,0.5131
R2887,0.1893,0.2299,0.3548,0.2539,0.2586
R2888,1.1036,0.7711,0.5016,0.4335,0.3634
R2889,1.1423,1.0518,0.9123,0.6681,0.6871
R2891,0.7075,0.5329,0.5959,0.5185,0.5248
R2892,2.3169,2.4203,1.7957,1.6354,1.1607
R2893,1.9802,2.0048,1.7207,1.6631,1.2164
R2896,0.6775,0.5355,0.4924,0.3918,0.1983
R2898,1.4513,1.6475,1.4028,1.3491,1.2616
R2899,1.2389,1.0911,1.2679,1.6102,0.7729
R2902,1.5507,2.0328,1.7485,1.5556,1.0444
R2903,1.5507,2.0195,1.7371,1.5556,1.0444
R2904,1.0276,0.836,0.6828,0.6392,0.4008
R2907,1.5065,1.1898,0.9426,0.6317,0.8308
R2908,0.7315,0.7378,0.6015,0.5802,0.6668
R2911,1.3576,1.1859,1.0427,0.8549,0.6047
R2912,0.8574,0.665,0.4687,0.6493,0.4328
R2914,0.9137,0.7985,0.5118,0.5122,0.2887
R2919,0.2771,0.2718,0.1742,0.0348,0.1865
R2921,0.9798,0.8189,1.0754,0.9726,0.8125
R2922,2.6181,2.3945,2.6066,2.1988,2.1987
R2923,0.8891,0.7555,0.8395,0.9734,0.889
R2924,2.1056,2.0937,2.1647,1.9811,2.0537
R2925,1.9507,2.0245,1.778,2.0361,1.9553
R2926,0.2581,0.2032,0.2285,0.2362,0.2274
R2927,0.3256,0.2066,0.1553,0.0822,0.1268
R2928,1.3863,1.5345,1.5982,1.349,1.3397
R2929,2.514,2.6735,2.8066,2.5265,2.561
R2930,1.6586,1.5309,1.4972,1.4043,1.089
R2931,2.2713,2.1271,2.1406,2.3849,2.4247
R2932,2.4833,2.2003,2.2762,2.0528,1.9895
R2933,2.5595,2.7247,2.9033,2.8529,2.8744
R2934,2.1263,2.2211,1.8862,1.3789,1.5013
R2935,2.1078,1.9122,1.6041,1.3749,1.308
R2936,1.3287,1.5799,1.5537,1.2865,1.25
R2937,1.642,1.6291,1.5861,1.4922,1.4183
R2938,1.344,1.5494,1.2406,1.3225,1.3101
R2939,0.2518,0.2287,0.5771,0.5616,0.4925
R2940,0.1887,0.1274,0.0602,0.0331,0.1388
R2941,2.2393,2.3062,2.0395,1.8298,1.6464
R2942,3.0339,3.0451,2.8161,3.0198,2.9402
R2943,2.3981,2.4523,2.1135,1.7765,1.5921
R2944,1.4526,1.4965,1.0604,1.4877,1.2189
R2945,1.2502,0.8583,0.6829,0.298,0.0177
R2946,0.2028,0.3921,0.2995,0.6186,0.6411
R2947,2.1245,2.1371,1.9333,1.7166,1.5278
R2948,2.391,2.2559,2.0033,1.5904,1.7791
R2949,1.4405,1.3736,1.2145,0.8373,0.59
R2950,1.1353,1.1089,0.7349,0.8862,0.7662
R2951,1.9304,2.0319,1.9163,1.6944,1.5599
R2952,2.6282,2.7161,2.6224,2.7341,2.4711
R2953,1.5635,1.6479,1.5898,1.5079,1.6889
R2954,1.0507,1.1651,1.0748,1.0751,1.0193
R2955,1.7337,2.0069,1.5754,1.7506,1.4399
R2956,2.5922,2.4399,2.5881,2.5033,2.4227
R2957,1.1652,1.2422,1.125,1.1412,1.0135
R2958,1.9826,1.6416,1.6413,1.7323,1.6326
R2959,0.9115,0.9828,1.2002,1.2456,1.3533
R2961,1.4148,1.6736,1.7902,1.7554,1.4914
R2962,1.258,1.4415,0.945,0.9672,0.9167
R2964,0.6661,0.6605,0.4012,0.3918,0.2983
R2969,0.9984,0.5113,0.3633,0.2835,0.0012
R2974,1.4233,1.3857,1.2936,1.4199,0.9938
R2977,0.9672,0.8171,0.6037,0.3907,0.3486
R2979,1.2593,1.4415,0.9518,0.9732,0.9197
R2981,1.0725,1.3832,0.8919,0.8838,0.686
R2982,1.4893,1.965,1.6179,1.7276,1.6101
R2983,1.3886,1.2541,1.0663,0.6626,0.7466
R2984,0.5949,0.5635,0.4705,0.3813,0.2576
R2985,0.8494,0.7829,0.6427,0.5515,0.3396
R2986,1.0808,1.2511,0.9186,0.9086,0.7221
R2987,1.0411,0.9175,0.6462,0.4199,0.3225
R2990,0.9035,0.7863,0.5464,0.3213,0.4428
R2991,0.9473,0.8599,0.7839,0.4605,0.4193
R2994,1.1684,1.206,1.1172,1.1942,0.9359
R2998,0.2809,0.1982,0.0973,0.1053,0.1319
R2999,1.0591,1.165,0.885,0.8909,0.8063
R3000,1.3535,1.7536,1.7282,1.6918,1.5172
R3003,1.1086,1.1925,0.9966,1.0416,0.8463
R3004,0.9654,0.9307,0.7477,0.4533,0.3825
R3007,0.3535,0.1546,0.1168,0.0479,0.1034
R3011,0.4056,0.5396,0.4194,0.2915,0.0668
R3014,1.4122,1.5504,1.4759,1.4617,1.3047
R3017,0.4114,0.3883,0.511,0.2908,0.4318
R3020,0.0349,0.0297,0.0132,0.0019,0.0245
R3021,0.4812,0.591,0.571,0.3921,0.4549
R3031,0.3487,0.3518,0.466,0.3037,0.3182
R3062,0.3765,0.4064,0.4242,0.3094,0.4891
R3063,0.2825,0.3635,0.424,0.3838,0.6098
R3070,0.3794,0.4812,0.5017,0.337,0.4693
R3073,0.0649,0.1928,0.1631,0.0878,0.0844
R3076,0.023,0.0033,0.018,0.0,0.0077
R3087,2.6618,2.4727,2.3979,2.8028,2.4753
R3088,0.3067,0.2246,0.3938,0.5341,0.5627
R3089,2.0253,2.2118,2.4947,2.3252,2.423
R3090,2.725,2.6526,2.1987,1.8485,2.2545
R3091,2.2348,2.372,2.0805,2.2295,2.5999
R3092,1.2752,1.4961,1.1881,1.2342,1.1512
R3093,3.6959,3.2921,3.0477,3.2631,2.8274
R3094,2.1604,2.0732,1.9272,1.9141,1.9765
R3095,1.9469,2.3357,2.2817,2.4767,2.3666
R3096,1.0003,1.0572,1.1142,1.1283,0.9374
R3097,1.9361,2.1705,2.2632,2.5143,2.6163
R3098,2.2014,2.2044,2.0949,1.6408,1.5651
R3099,2.9413,2.9159,2.99,2.8646,2.288
R3100,1.8998,2.1617,2.0388,1.869,1.7533
R3101,1.5055,1.6318,1.5063,1.27,1.4633
R3102,1.6326,1.5393,1.5251,1.3606,1.438
R3103,0.8742,1.0035,0.9125,1.0595,1.439
R3104,2.7756,2.8061,2.7874,2.7182,2.6012
R3105,2.8366,2.8598,2.9059,3.1215,2.9743
R3107,2.1649,2.4314,2.3964,2.334,1.9376
R3108,1.9324,2.0264,1.6294,1.7982,2.1913
